This is pdfTeX, Version 3.141592653-2.6-1.40.25 (TeX Live 2023/Debian) (preloaded format=pdflatex 2026.6.19)  19 JUN 2026 01:25
entering extended mode
 restricted \write18 enabled.
 file:line:error style messages enabled.
 %&-line parsing enabled.
**"/home/joab/DATASTOCK_SENA/01. DOCUMENTACION/Diccionario de datos.tex"
(/home/joab/DATASTOCK_SENA/01. DOCUMENTACION/Diccionario de datos.tex
LaTeX2e <2023-11-01> patch level 1
L3 programming layer <2024-01-22>
(/usr/share/texlive/texmf-dist/tex/latex/base/article.cls
Document Class: article 2023/05/17 v1.4n Standard LaTeX document class
(/usr/share/texlive/texmf-dist/tex/latex/base/size11.clo
File: size11.clo 2023/05/17 v1.4n Standard LaTeX file (size option)
)
\c@part=\count187
\c@section=\count188
\c@subsection=\count189
\c@subsubsection=\count190
\c@paragraph=\count191
\c@subparagraph=\count192
\c@figure=\count193
\c@table=\count194
\abovecaptionskip=\skip48
\belowcaptionskip=\skip49
\bibindent=\dimen140
) (/usr/share/texlive/texmf-dist/tex/latex/geometry/geometry.sty
Package: geometry 2020/01/02 v5.9 Page Geometry
 (/usr/share/texlive/texmf-dist/tex/latex/graphics/keyval.sty
Package: keyval 2022/05/29 v1.15 key=value parser (DPC)
\KV@toks@=\toks17
) (/usr/share/texlive/texmf-dist/tex/generic/iftex/ifvtex.sty
Package: ifvtex 2019/10/25 v1.7 ifvtex legacy package. Use iftex instead.
 (/usr/share/texlive/texmf-dist/tex/generic/iftex/iftex.sty
Package: iftex 2022/02/03 v1.0f TeX engine tests
))
\Gm@cnth=\count195
\Gm@cntv=\count196
\c@Gm@tempcnt=\count197
\Gm@bindingoffset=\dimen141
\Gm@wd@mp=\dimen142
\Gm@odd@mp=\dimen143
\Gm@even@mp=\dimen144
\Gm@layoutwidth=\dimen145
\Gm@layoutheight=\dimen146
\Gm@layouthoffset=\dimen147
\Gm@layoutvoffset=\dimen148
\Gm@dimlist=\toks18
) (/usr/share/texlive/texmf-dist/tex/latex/base/inputenc.sty
Package: inputenc 2021/02/14 v1.3d Input encoding file
\inpenc@prehook=\toks19
\inpenc@posthook=\toks20
) (/usr/share/texlive/texmf-dist/tex/generic/babel/babel.sty
Package: babel 2024/01/07 v24.1 The Babel package
\babel@savecnt=\count198
\U@D=\dimen149
\l@unhyphenated=\language89
 (/usr/share/texlive/texmf-dist/tex/generic/babel/txtbabel.def)
\bbl@readstream=\read2
\bbl@dirlevel=\count199
 (/usr/share/texlive/texmf-dist/tex/generic/babel-spanish/spanish.ldf
Language: spanish.ldf 2021/05/27 v5.0q Spanish support from the babel system
\es@quottoks=\toks21
\es@quotdepth=\count266
Package babel Info: Making " an active character on input line 570.
Package babel Info: Making . an active character on input line 675.
Package babel Info: Making < an active character on input line 722.
Package babel Info: Making > an active character on input line 722.
)) (/usr/share/texlive/texmf-dist/tex/generic/babel/locale/es/babel-spanish.tex
Package babel Info: Importing font and identification data for spanish
(babel)             from babel-es.ini. Reported on input line 11.
)

/home/joab/DATASTOCK_SENA/01. DOCUMENTACION/Diccionario de datos.tex:10: LaTeX Error: Option clash for package babel.

See the LaTeX manual or LaTeX Companion for explanation.
Type  H <return>  for immediate help.
 ...                                              
                                                  
l.10 
     
The package babel has already been loaded with options:
  [spanish]
There has now been an attempt to load it with options
  [spanish, bidi=basic, provide=*]
Adding the global options:
  spanish,spanish, bidi=basic, provide=*
to your \documentclass declaration may fix this.
Try typing  <return>  to proceed.

(/usr/share/texlive/texmf-dist/tex/generic/babel/locale/es/babel-spanish.tex)
Package babel Info: Importing data for spanish
(babel)             from babel-es.ini. Reported on input line 11.

/home/joab/DATASTOCK_SENA/01. DOCUMENTACION/Diccionario de datos.tex:11: Undefined control sequence.
\\babelprovide ... \@nnil \else \bbl@luahyphenate 
                                                  \bbl@exp {\\\AddToHook {en...
l.11 ...provide[import, onchar=ids fonts]{spanish}
                                                  
The control sequence at the end of the top line
of your error message was never \def'ed. If you have
misspelled it (e.g., `\hobx'), type `I' and the correct
spelling (e.g., `I\hbox'). Otherwise just continue,
and I'll forget about whatever was undefined.

/home/joab/DATASTOCK_SENA/01. DOCUMENTACION/Diccionario de datos.tex:11: Undefined control sequence.
\\babelprovide ...ct@language {#2}{}}}}\directlua 
                                                  { if Babel.locale_mapped =...
l.11 ...provide[import, onchar=ids fonts]{spanish}
                                                  
The control sequence at the end of the top line
of your error message was never \def'ed. If you have
misspelled it (e.g., `\hobx'), type `I' and the correct
spelling (e.g., `I\hbox'). Otherwise just continue,
and I'll forget about whatever was undefined.


/home/joab/DATASTOCK_SENA/01. DOCUMENTACION/Diccionario de datos.tex:11: LaTeX Error: Missing \begin{document}.

See the LaTeX manual or LaTeX Companion for explanation.
Type  H <return>  for immediate help.
 ...                                              
                                                  
l.11 ...provide[import, onchar=ids fonts]{spanish}
                                                  
You're in trouble here.  Try typing  <return>  to proceed.
If that doesn't work, type  X <return>  to quit.

/home/joab/DATASTOCK_SENA/01. DOCUMENTACION/Diccionario de datos.tex:11: Missing $ inserted.
<inserted text> 
                $
l.11 ...provide[import, onchar=ids fonts]{spanish}
                                                  
I've inserted a begin-math/end-math symbol since I think
you left one out. Proceed, with fingers crossed.

LaTeX Font Info:    External font `cmex10' loaded for size
(Font)              <10.95> on input line 11.
LaTeX Font Info:    External font `cmex10' loaded for size
(Font)              <8> on input line 11.
LaTeX Font Info:    External font `cmex10' loaded for size
(Font)              <6> on input line 11.
/home/joab/DATASTOCK_SENA/01. DOCUMENTACION/Diccionario de datos.tex:11: Extra }, or forgotten $.
\\babelprovide ...he \localeid ].letters = false }
                                                  \bbl@xin@ { letters }{ \bb...
l.11 ...provide[import, onchar=ids fonts]{spanish}
                                                  
I've deleted a group-closing symbol because it seems to be
spurious, as in `$x}$'. But perhaps the } is legitimate and
you forgot something else, as in `\hbox{$x}'. In such cases
the way to recover is to insert both the forgotten and the
deleted material, e.g., by typing `I$}'.

/home/joab/DATASTOCK_SENA/01. DOCUMENTACION/Diccionario de datos.tex:11: Undefined control sequence.
\\babelprovide ...ua {\languagename }}}\directlua 
                                                  { if Babel.script_blocks['...
l.11 ...provide[import, onchar=ids fonts]{spanish}
                                                  
The control sequence at the end of the top line
of your error message was never \def'ed. If you have
misspelled it (e.g., `\hobx'), type `I' and the correct
spelling (e.g., `I\hbox'). Otherwise just continue,
and I'll forget about whatever was undefined.

/home/joab/DATASTOCK_SENA/01. DOCUMENTACION/Diccionario de datos.tex:11: Undefined control sequence.
\\babelprovide ...s {\languagename }}{}\directlua 
                                                  { if Babel.script_blocks['...
l.11 ...provide[import, onchar=ids fonts]{spanish}
                                                  
The control sequence at the end of the top line
of your error message was never \def'ed. If you have
misspelled it (e.g., `\hobx'), type `I' and the correct
spelling (e.g., `I\hbox'). Otherwise just continue,
and I'll forget about whatever was undefined.

(/usr/share/texlive/texmf-dist/tex/generic/babel/locale/en/babel-english.tex)
Package babel Info: Importing data for english
(babel)             from babel-en.ini. Reported on input line 12.

/home/joab/DATASTOCK_SENA/01. DOCUMENTACION/Diccionario de datos.tex:12: Undefined control sequence.
\\babelprovide ... \@nnil \else \bbl@luahyphenate 
                                                  \bbl@exp {\\\AddToHook {en...
l.12 ...provide[import, onchar=ids fonts]{english}
                                                  
The control sequence at the end of the top line
of your error message was never \def'ed. If you have
misspelled it (e.g., `\hobx'), type `I' and the correct
spelling (e.g., `I\hbox'). Otherwise just continue,
and I'll forget about whatever was undefined.

/home/joab/DATASTOCK_SENA/01. DOCUMENTACION/Diccionario de datos.tex:12: Undefined control sequence.
\\babelprovide ...ct@language {#2}{}}}}\directlua 
                                                  { if Babel.locale_mapped =...
l.12 ...provide[import, onchar=ids fonts]{english}
                                                  
The control sequence at the end of the top line
of your error message was never \def'ed. If you have
misspelled it (e.g., `\hobx'), type `I' and the correct
spelling (e.g., `I\hbox'). Otherwise just continue,
and I'll forget about whatever was undefined.

/home/joab/DATASTOCK_SENA/01. DOCUMENTACION/Diccionario de datos.tex:12: Undefined control sequence.
\\babelprovide ...ua {\languagename }}}\directlua 
                                                  { if Babel.script_blocks['...
l.12 ...provide[import, onchar=ids fonts]{english}
                                                  
The control sequence at the end of the top line
of your error message was never \def'ed. If you have
misspelled it (e.g., `\hobx'), type `I' and the correct
spelling (e.g., `I\hbox'). Otherwise just continue,
and I'll forget about whatever was undefined.

/home/joab/DATASTOCK_SENA/01. DOCUMENTACION/Diccionario de datos.tex:12: Undefined control sequence.
\\babelprovide ...s {\languagename }}{}\directlua 
                                                  { if Babel.script_blocks['...
l.12 ...provide[import, onchar=ids fonts]{english}
                                                  
The control sequence at the end of the top line
of your error message was never \def'ed. If you have
misspelled it (e.g., `\hobx'), type `I' and the correct
spelling (e.g., `I\hbox'). Otherwise just continue,
and I'll forget about whatever was undefined.

/home/joab/DATASTOCK_SENA/01. DOCUMENTACION/Diccionario de datos.tex:13: Missing $ inserted.
<inserted text> 
                $
l.13 
     
I've inserted a begin-math/end-math symbol since I think
you left one out. Proceed, with fingers crossed.


Overfull \hbox (268.37807pt too wide) in paragraph at lines 11--13
[]\OT1/cmr/m/n/10.95 if Babel.locale$[]\OML/cmm/m/it/10.95 apped \OT1/cmr/m/n/10.95 == \OML/cmm/m/it/10.95 nilthenBabel:locale[]apped \OT1/cmr/m/n/10.95 = \OML/cmm/m/it/10.95 trueBabel:linebreaking:add[]efore\OT1/cmr/m/n/10.95 (\OML/cmm/m/it/10.95 Babel:locale[]ap; \OT1/cmr/m/n/10.95 1)\OML/cmm/m/it/10.95 Babel:loc[]o[]cr \OT1/cmr/m/n/10.95 =
 []


Overfull \hbox (2788.21536pt too wide) in paragraph at lines 11--13
[]\OML/cmm/m/it/10.95 Babel:chr[]o[]oc \OT1/cmr/m/n/10.95 = \OML/cmm/m/it/10.95 Babel:chr[]o[]ocor[]endBabel:locale[]rops\OT1/cmr/m/n/10.95 [1]\OML/cmm/m/it/10.95 :letters \OT1/cmr/m/n/10.95 = \OML/cmm/m/it/10.95 false[][][][][]$ 
 []


/home/joab/DATASTOCK_SENA/01. DOCUMENTACION/Diccionario de datos.tex:15: Package babel Error: This macro is available only in LuaLaTeX and XeLaTeX..

See the babel package documentation for explanation.
Type  H <return>  for immediate help.
 ...                                              
                                                  
l.15 \babelfont
               {rm}{Noto Sans}
Consider switching to these engines.


/home/joab/DATASTOCK_SENA/01. DOCUMENTACION/Diccionario de datos.tex:15: LaTeX Error: Missing \begin{document}.

See the LaTeX manual or LaTeX Companion for explanation.
Type  H <return>  for immediate help.
 ...                                              
                                                  
l.15 \babelfont{r
                 m}{Noto Sans}
You're in trouble here.  Try typing  <return>  to proceed.
If that doesn't work, type  X <return>  to quit.

(/usr/share/texlive/texmf-dist/tex/latex/enumitem/enumitem.sty
Package: enumitem 2019/06/20 v3.9 Customized lists
\labelindent=\skip50
\enit@outerparindent=\dimen150
\enit@toks=\toks22
\enit@inbox=\box51
\enit@count@id=\count267
\enitdp@description=\count268
) (/usr/share/texlive/texmf-dist/tex/latex/tools/tabularx.sty
Package: tabularx 2023/07/08 v2.11c `tabularx' package (DPC)
 (/usr/share/texlive/texmf-dist/tex/latex/tools/array.sty
Package: array 2023/10/16 v2.5g Tabular extension package (FMi)
\col@sep=\dimen151
\ar@mcellbox=\box52
\extrarowheight=\dimen152
\NC@list=\toks23
\extratabsurround=\skip51
\backup@length=\skip52
\ar@cellbox=\box53
)
\TX@col@width=\dimen153
\TX@old@table=\dimen154
\TX@old@col=\dimen155
\TX@target=\dimen156
\TX@delta=\dimen157
\TX@cols=\count269
\TX@ftn=\toks24
) (/usr/share/texlive/texmf-dist/tex/latex/booktabs/booktabs.sty
Package: booktabs 2020/01/12 v1.61803398 Publication quality tables
\heavyrulewidth=\dimen158
\lightrulewidth=\dimen159
\cmidrulewidth=\dimen160
\belowrulesep=\dimen161
\belowbottomsep=\dimen162
\aboverulesep=\dimen163
\abovetopsep=\dimen164
\cmidrulesep=\dimen165
\cmidrulekern=\dimen166
\defaultaddspace=\dimen167
\@cmidla=\count270
\@cmidlb=\count271
\@aboverulesep=\dimen168
\@belowrulesep=\dimen169
\@thisruleclass=\count272
\@lastruleclass=\count273
\@thisrulewidth=\dimen170
)
LaTeX Info: Redefining \. on input line 26.
LaTeX Info: Redefining \% on input line 26.
 (/usr/share/texlive/texmf-dist/tex/latex/l3backend/l3backend-pdftex.def
File: l3backend-pdftex.def 2024-01-04 L3 backend support: PDF output (pdfTeX)
\l__color_backend_stack_int=\count274
\l__pdf_internal_box=\box54
) (./Diccionario de datos.aux)
\openout1 = `"Diccionario de datos.aux"'.

LaTeX Font Info:    Checking defaults for OML/cmm/m/it on input line 26.
LaTeX Font Info:    ... okay on input line 26.
LaTeX Font Info:    Checking defaults for OMS/cmsy/m/n on input line 26.
LaTeX Font Info:    ... okay on input line 26.
LaTeX Font Info:    Checking defaults for OT1/cmr/m/n on input line 26.
LaTeX Font Info:    ... okay on input line 26.
LaTeX Font Info:    Checking defaults for T1/cmr/m/n on input line 26.
LaTeX Font Info:    ... okay on input line 26.
LaTeX Font Info:    Checking defaults for TS1/cmr/m/n on input line 26.
LaTeX Font Info:    ... okay on input line 26.
LaTeX Font Info:    Checking defaults for OMX/cmex/m/n on input line 26.
LaTeX Font Info:    ... okay on input line 26.
LaTeX Font Info:    Checking defaults for U/cmr/m/n on input line 26.
LaTeX Font Info:    ... okay on input line 26.

*geometry* driver: auto-detecting
*geometry* detected driver: pdftex
*geometry* verbose mode - [ preamble ] result:
* driver: pdftex
* paper: a4paper
* layout: <same size as paper>
* layoutoffset:(h,v)=(0.0pt,0.0pt)
* modes: 
* h-part:(L,W,R)=(56.9055pt, 483.69687pt, 56.9055pt)
* v-part:(T,H,B)=(71.13188pt, 702.78308pt, 71.13188pt)
* \paperwidth=597.50787pt
* \paperheight=845.04684pt
* \textwidth=483.69687pt
* \textheight=702.78308pt
* \oddsidemargin=-15.36449pt
* \evensidemargin=-15.36449pt
* \topmargin=-38.1381pt
* \headheight=12.0pt
* \headsep=25.0pt
* \topskip=11.0pt
* \footskip=30.0pt
* \marginparwidth=50.0pt
* \marginparsep=10.0pt
* \columnsep=10.0pt
* \skip\footins=10.0pt plus 4.0pt minus 2.0pt
* \hoffset=0.0pt
* \voffset=0.0pt
* \mag=1000
* \@twocolumnfalse
* \@twosidefalse
* \@mparswitchfalse
* \@reversemarginfalse
* (1in=72.27pt=25.4mm, 1cm=28.453pt)

LaTeX Info: Redefining \. on input line 26.
LaTeX Info: Redefining \% on input line 26.
/home/joab/DATASTOCK_SENA/01. DOCUMENTACION/Diccionario de datos.tex:26: Undefined control sequence.
\__hook_toplevel selectfont ->{\bbl@mapselect 
                                              }
l.26 \begin{document}
                     
The control sequence at the end of the top line
of your error message was never \def'ed. If you have
misspelled it (e.g., `\hobx'), type `I' and the correct
spelling (e.g., `I\hbox'). Otherwise just continue,
and I'll forget about whatever was undefined.

/home/joab/DATASTOCK_SENA/01. DOCUMENTACION/Diccionario de datos.tex:29: Undefined control sequence.
\__hook_toplevel selectfont ->{\bbl@mapselect 
                                              }
l.29 \begin{titlepage}
                      
The control sequence at the end of the top line
of your error message was never \def'ed. If you have
misspelled it (e.g., `\hobx'), type `I' and the correct
spelling (e.g., `I\hbox'). Otherwise just continue,
and I'll forget about whatever was undefined.

/home/joab/DATASTOCK_SENA/01. DOCUMENTACION/Diccionario de datos.tex:29: Undefined control sequence.
\__hook_toplevel selectfont ->{\bbl@mapselect 
                                              }
l.29 \begin{titlepage}
                      
The control sequence at the end of the top line
of your error message was never \def'ed. If you have
misspelled it (e.g., `\hobx'), type `I' and the correct
spelling (e.g., `I\hbox'). Otherwise just continue,
and I'll forget about whatever was undefined.

/home/joab/DATASTOCK_SENA/01. DOCUMENTACION/Diccionario de datos.tex:29: Undefined control sequence.
\__hook_toplevel selectfont ->{\bbl@mapselect 
                                              }
l.29 \begin{titlepage}
                      
The control sequence at the end of the top line
of your error message was never \def'ed. If you have
misspelled it (e.g., `\hobx'), type `I' and the correct
spelling (e.g., `I\hbox'). Otherwise just continue,
and I'll forget about whatever was undefined.

[1

{/var/lib/texmf/fonts/map/pdftex/updmap/pdftex.map}]
/home/joab/DATASTOCK_SENA/01. DOCUMENTACION/Diccionario de datos.tex:34: Undefined control sequence.
\__hook_toplevel selectfont ->{\bbl@mapselect 
                                              }
l.34     {\scshape
                  \Huge \textbf{Diccionario de Datos} \par}
The control sequence at the end of the top line
of your error message was never \def'ed. If you have
misspelled it (e.g., `\hobx'), type `I' and the correct
spelling (e.g., `I\hbox'). Otherwise just continue,
and I'll forget about whatever was undefined.

/home/joab/DATASTOCK_SENA/01. DOCUMENTACION/Diccionario de datos.tex:34: Undefined control sequence.
\__hook_toplevel selectfont ->{\bbl@mapselect 
                                              }
l.34     {\scshape\Huge
                        \textbf{Diccionario de Datos} \par}
The control sequence at the end of the top line
of your error message was never \def'ed. If you have
misspelled it (e.g., `\hobx'), type `I' and the correct
spelling (e.g., `I\hbox'). Otherwise just continue,
and I'll forget about whatever was undefined.


LaTeX Font Warning: Font shape `OT1/cmr/bx/sc' undefined
(Font)              using `OT1/cmr/bx/n' instead on input line 34.

/home/joab/DATASTOCK_SENA/01. DOCUMENTACION/Diccionario de datos.tex:34: Undefined control sequence.
\__hook_toplevel selectfont ->{\bbl@mapselect 
                                              }
l.34 ...scshape\Huge \textbf{Diccionario de Datos}
                                                   \par}
The control sequence at the end of the top line
of your error message was never \def'ed. If you have
misspelled it (e.g., `\hobx'), type `I' and the correct
spelling (e.g., `I\hbox'). Otherwise just continue,
and I'll forget about whatever was undefined.

/home/joab/DATASTOCK_SENA/01. DOCUMENTACION/Diccionario de datos.tex:38: Undefined control sequence.
\__hook_toplevel selectfont ->{\bbl@mapselect 
                                              }
l.38     {\Huge
               \bfseries DATA STOCK \par}
The control sequence at the end of the top line
of your error message was never \def'ed. If you have
misspelled it (e.g., `\hobx'), type `I' and the correct
spelling (e.g., `I\hbox'). Otherwise just continue,
and I'll forget about whatever was undefined.

/home/joab/DATASTOCK_SENA/01. DOCUMENTACION/Diccionario de datos.tex:38: Undefined control sequence.
\__hook_toplevel selectfont ->{\bbl@mapselect 
                                              }
l.38     {\Huge\bfseries
                         DATA STOCK \par}
The control sequence at the end of the top line
of your error message was never \def'ed. If you have
misspelled it (e.g., `\hobx'), type `I' and the correct
spelling (e.g., `I\hbox'). Otherwise just continue,
and I'll forget about whatever was undefined.

/home/joab/DATASTOCK_SENA/01. DOCUMENTACION/Diccionario de datos.tex:42: Undefined control sequence.
\__hook_toplevel selectfont ->{\bbl@mapselect 
                                              }
l.42     {\Large
                 Sistema de Gestión de Inventarios y Control de Abastecimie...
The control sequence at the end of the top line
of your error message was never \def'ed. If you have
misspelled it (e.g., `\hobx'), type `I' and the correct
spelling (e.g., `I\hbox'). Otherwise just continue,
and I'll forget about whatever was undefined.

/home/joab/DATASTOCK_SENA/01. DOCUMENTACION/Diccionario de datos.tex:44: Undefined control sequence.
\__hook_toplevel selectfont ->{\bbl@mapselect 
                                              }
l.44     {\Large
                 para Supermercados de Barrio \par}
The control sequence at the end of the top line
of your error message was never \def'ed. If you have
misspelled it (e.g., `\hobx'), type `I' and the correct
spelling (e.g., `I\hbox'). Otherwise just continue,
and I'll forget about whatever was undefined.

/home/joab/DATASTOCK_SENA/01. DOCUMENTACION/Diccionario de datos.tex:48: Undefined control sequence.
\__hook_toplevel selectfont ->{\bbl@mapselect 
                                              }
l.48     {\Large
                 \textbf{Presentado por:} \par}
The control sequence at the end of the top line
of your error message was never \def'ed. If you have
misspelled it (e.g., `\hobx'), type `I' and the correct
spelling (e.g., `I\hbox'). Otherwise just continue,
and I'll forget about whatever was undefined.

/home/joab/DATASTOCK_SENA/01. DOCUMENTACION/Diccionario de datos.tex:48: Undefined control sequence.
\__hook_toplevel selectfont ->{\bbl@mapselect 
                                              }
l.48     {\Large \textbf{Presentado por:}
                                          \par}
The control sequence at the end of the top line
of your error message was never \def'ed. If you have
misspelled it (e.g., `\hobx'), type `I' and the correct
spelling (e.g., `I\hbox'). Otherwise just continue,
and I'll forget about whatever was undefined.

/home/joab/DATASTOCK_SENA/01. DOCUMENTACION/Diccionario de datos.tex:50: Undefined control sequence.
\__hook_toplevel selectfont ->{\bbl@mapselect 
                                              }
l.50     {\large
                 Joab Felipe Rodríguez Posada \par}
The control sequence at the end of the top line
of your error message was never \def'ed. If you have
misspelled it (e.g., `\hobx'), type `I' and the correct
spelling (e.g., `I\hbox'). Otherwise just continue,
and I'll forget about whatever was undefined.

/home/joab/DATASTOCK_SENA/01. DOCUMENTACION/Diccionario de datos.tex:54: Undefined control sequence.
\__hook_toplevel selectfont ->{\bbl@mapselect 
                                              }
l.54     {\Large
                 \textbf{Instructor:} \par}
The control sequence at the end of the top line
of your error message was never \def'ed. If you have
misspelled it (e.g., `\hobx'), type `I' and the correct
spelling (e.g., `I\hbox'). Otherwise just continue,
and I'll forget about whatever was undefined.

/home/joab/DATASTOCK_SENA/01. DOCUMENTACION/Diccionario de datos.tex:54: Undefined control sequence.
\__hook_toplevel selectfont ->{\bbl@mapselect 
                                              }
l.54     {\Large \textbf{Instructor:}
                                      \par}
The control sequence at the end of the top line
of your error message was never \def'ed. If you have
misspelled it (e.g., `\hobx'), type `I' and the correct
spelling (e.g., `I\hbox'). Otherwise just continue,
and I'll forget about whatever was undefined.

/home/joab/DATASTOCK_SENA/01. DOCUMENTACION/Diccionario de datos.tex:56: Undefined control sequence.
\__hook_toplevel selectfont ->{\bbl@mapselect 
                                              }
l.56     {\large
                 Hernando Enrique Moreno Moreno \par}
The control sequence at the end of the top line
of your error message was never \def'ed. If you have
misspelled it (e.g., `\hobx'), type `I' and the correct
spelling (e.g., `I\hbox'). Otherwise just continue,
and I'll forget about whatever was undefined.

/home/joab/DATASTOCK_SENA/01. DOCUMENTACION/Diccionario de datos.tex:61: Undefined control sequence.
\__hook_toplevel selectfont ->{\bbl@mapselect 
                                              }
l.61     {\large
                 \textbf{14 de junio de 2026} \par}
The control sequence at the end of the top line
of your error message was never \def'ed. If you have
misspelled it (e.g., `\hobx'), type `I' and the correct
spelling (e.g., `I\hbox'). Otherwise just continue,
and I'll forget about whatever was undefined.

/home/joab/DATASTOCK_SENA/01. DOCUMENTACION/Diccionario de datos.tex:61: Undefined control sequence.
\__hook_toplevel selectfont ->{\bbl@mapselect 
                                              }
l.61     {\large \textbf{14 de junio de 2026}
                                              \par}
The control sequence at the end of the top line
of your error message was never \def'ed. If you have
misspelled it (e.g., `\hobx'), type `I' and the correct
spelling (e.g., `I\hbox'). Otherwise just continue,
and I'll forget about whatever was undefined.

/home/joab/DATASTOCK_SENA/01. DOCUMENTACION/Diccionario de datos.tex:62: Undefined control sequence.
\__hook_toplevel selectfont ->{\bbl@mapselect 
                                              }
l.62 \end{titlepage}
                    
The control sequence at the end of the top line
of your error message was never \def'ed. If you have
misspelled it (e.g., `\hobx'), type `I' and the correct
spelling (e.g., `I\hbox'). Otherwise just continue,
and I'll forget about whatever was undefined.

/home/joab/DATASTOCK_SENA/01. DOCUMENTACION/Diccionario de datos.tex:62: Undefined control sequence.
\__hook_toplevel selectfont ->{\bbl@mapselect 
                                              }
l.62 \end{titlepage}
                    
The control sequence at the end of the top line
of your error message was never \def'ed. If you have
misspelled it (e.g., `\hobx'), type `I' and the correct
spelling (e.g., `I\hbox'). Otherwise just continue,
and I'll forget about whatever was undefined.

[1]
/home/joab/DATASTOCK_SENA/01. DOCUMENTACION/Diccionario de datos.tex:69: Undefined control sequence.
\__hook_toplevel selectfont ->{\bbl@mapselect 
                                              }
l.69 \section*{Diccionario de Datos del Sistema}
                                                
The control sequence at the end of the top line
of your error message was never \def'ed. If you have
misspelled it (e.g., `\hobx'), type `I' and the correct
spelling (e.g., `I\hbox'). Otherwise just continue,
and I'll forget about whatever was undefined.

/home/joab/DATASTOCK_SENA/01. DOCUMENTACION/Diccionario de datos.tex:69: Undefined control sequence.
\__hook_toplevel selectfont ->{\bbl@mapselect 
                                              }
l.69 \section*{Diccionario de Datos del Sistema}
                                                
The control sequence at the end of the top line
of your error message was never \def'ed. If you have
misspelled it (e.g., `\hobx'), type `I' and the correct
spelling (e.g., `I\hbox'). Otherwise just continue,
and I'll forget about whatever was undefined.

/home/joab/DATASTOCK_SENA/01. DOCUMENTACION/Diccionario de datos.tex:69: Undefined control sequence.
\__hook_toplevel selectfont ->{\bbl@mapselect 
                                              }
l.69 \section*{Diccionario de Datos del Sistema}
                                                
The control sequence at the end of the top line
of your error message was never \def'ed. If you have
misspelled it (e.g., `\hobx'), type `I' and the correct
spelling (e.g., `I\hbox'). Otherwise just continue,
and I'll forget about whatever was undefined.

/home/joab/DATASTOCK_SENA/01. DOCUMENTACION/Diccionario de datos.tex:73: Undefined control sequence.
\__hook_toplevel selectfont ->{\bbl@mapselect 
                                              }
l.73 \textbf{\Large Entidad: \texttt{rol}}
                                           \\
The control sequence at the end of the top line
of your error message was never \def'ed. If you have
misspelled it (e.g., `\hobx'), type `I' and the correct
spelling (e.g., `I\hbox'). Otherwise just continue,
and I'll forget about whatever was undefined.

/home/joab/DATASTOCK_SENA/01. DOCUMENTACION/Diccionario de datos.tex:73: Undefined control sequence.
\__hook_toplevel selectfont ->{\bbl@mapselect 
                                              }
l.73 \textbf{\Large Entidad: \texttt{rol}}
                                           \\
The control sequence at the end of the top line
of your error message was never \def'ed. If you have
misspelled it (e.g., `\hobx'), type `I' and the correct
spelling (e.g., `I\hbox'). Otherwise just continue,
and I'll forget about whatever was undefined.

LaTeX Font Info:    Font shape `OT1/cmtt/bx/n' in size <14.4> not available
(Font)              Font shape `OT1/cmtt/m/n' tried instead on input line 73.
/home/joab/DATASTOCK_SENA/01. DOCUMENTACION/Diccionario de datos.tex:73: Undefined control sequence.
\__hook_toplevel selectfont ->{\bbl@mapselect 
                                              }
l.73 \textbf{\Large Entidad: \texttt{rol}}
                                           \\
The control sequence at the end of the top line
of your error message was never \def'ed. If you have
misspelled it (e.g., `\hobx'), type `I' and the correct
spelling (e.g., `I\hbox'). Otherwise just continue,
and I'll forget about whatever was undefined.

/home/joab/DATASTOCK_SENA/01. DOCUMENTACION/Diccionario de datos.tex:74: Undefined control sequence.
\__hook_toplevel selectfont ->{\bbl@mapselect 
                                              }
l.74 \textit{Descripción:}
                            Almacena los diferentes perfiles del sistema par...
The control sequence at the end of the top line
of your error message was never \def'ed. If you have
misspelled it (e.g., `\hobx'), type `I' and the correct
spelling (e.g., `I\hbox'). Otherwise just continue,
and I'll forget about whatever was undefined.

/home/joab/DATASTOCK_SENA/01. DOCUMENTACION/Diccionario de datos.tex:83: Undefined control sequence.
\__hook_toplevel selectfont ->{\bbl@mapselect 
                                              }
l.83 \end{tabularx}
                   
The control sequence at the end of the top line
of your error message was never \def'ed. If you have
misspelled it (e.g., `\hobx'), type `I' and the correct
spelling (e.g., `I\hbox'). Otherwise just continue,
and I'll forget about whatever was undefined.

/home/joab/DATASTOCK_SENA/01. DOCUMENTACION/Diccionario de datos.tex:83: Undefined control sequence.
\__hook_toplevel selectfont ->{\bbl@mapselect 
                                              }
l.83 \end{tabularx}
                   
The control sequence at the end of the top line
of your error message was never \def'ed. If you have
misspelled it (e.g., `\hobx'), type `I' and the correct
spelling (e.g., `I\hbox'). Otherwise just continue,
and I'll forget about whatever was undefined.

/home/joab/DATASTOCK_SENA/01. DOCUMENTACION/Diccionario de datos.tex:83: Undefined control sequence.
\__hook_toplevel selectfont ->{\bbl@mapselect 
                                              }
l.83 \end{tabularx}
                   
The control sequence at the end of the top line
of your error message was never \def'ed. If you have
misspelled it (e.g., `\hobx'), type `I' and the correct
spelling (e.g., `I\hbox'). Otherwise just continue,
and I'll forget about whatever was undefined.

/home/joab/DATASTOCK_SENA/01. DOCUMENTACION/Diccionario de datos.tex:83: Undefined control sequence.
\__hook_toplevel selectfont ->{\bbl@mapselect 
                                              }
l.83 \end{tabularx}
                   
The control sequence at the end of the top line
of your error message was never \def'ed. If you have
misspelled it (e.g., `\hobx'), type `I' and the correct
spelling (e.g., `I\hbox'). Otherwise just continue,
and I'll forget about whatever was undefined.

/home/joab/DATASTOCK_SENA/01. DOCUMENTACION/Diccionario de datos.tex:83: Undefined control sequence.
\__hook_toplevel selectfont ->{\bbl@mapselect 
                                              }
l.83 \end{tabularx}
                   
The control sequence at the end of the top line
of your error message was never \def'ed. If you have
misspelled it (e.g., `\hobx'), type `I' and the correct
spelling (e.g., `I\hbox'). Otherwise just continue,
and I'll forget about whatever was undefined.

/home/joab/DATASTOCK_SENA/01. DOCUMENTACION/Diccionario de datos.tex:83: Undefined control sequence.
\__hook_toplevel selectfont ->{\bbl@mapselect 
                                              }
l.83 \end{tabularx}
                   
The control sequence at the end of the top line
of your error message was never \def'ed. If you have
misspelled it (e.g., `\hobx'), type `I' and the correct
spelling (e.g., `I\hbox'). Otherwise just continue,
and I'll forget about whatever was undefined.

/home/joab/DATASTOCK_SENA/01. DOCUMENTACION/Diccionario de datos.tex:83: Undefined control sequence.
\__hook_toplevel selectfont ->{\bbl@mapselect 
                                              }
l.83 \end{tabularx}
                   
The control sequence at the end of the top line
of your error message was never \def'ed. If you have
misspelled it (e.g., `\hobx'), type `I' and the correct
spelling (e.g., `I\hbox'). Otherwise just continue,
and I'll forget about whatever was undefined.

/home/joab/DATASTOCK_SENA/01. DOCUMENTACION/Diccionario de datos.tex:83: Undefined control sequence.
\__hook_toplevel selectfont ->{\bbl@mapselect 
                                              }
l.83 \end{tabularx}
                   
The control sequence at the end of the top line
of your error message was never \def'ed. If you have
misspelled it (e.g., `\hobx'), type `I' and the correct
spelling (e.g., `I\hbox'). Otherwise just continue,
and I'll forget about whatever was undefined.

/home/joab/DATASTOCK_SENA/01. DOCUMENTACION/Diccionario de datos.tex:83: Undefined control sequence.
\__hook_toplevel selectfont ->{\bbl@mapselect 
                                              }
l.83 \end{tabularx}
                   
The control sequence at the end of the top line
of your error message was never \def'ed. If you have
misspelled it (e.g., `\hobx'), type `I' and the correct
spelling (e.g., `I\hbox'). Otherwise just continue,
and I'll forget about whatever was undefined.

/home/joab/DATASTOCK_SENA/01. DOCUMENTACION/Diccionario de datos.tex:83: Undefined control sequence.
\__hook_toplevel selectfont ->{\bbl@mapselect 
                                              }
l.83 \end{tabularx}
                   
The control sequence at the end of the top line
of your error message was never \def'ed. If you have
misspelled it (e.g., `\hobx'), type `I' and the correct
spelling (e.g., `I\hbox'). Otherwise just continue,
and I'll forget about whatever was undefined.

/home/joab/DATASTOCK_SENA/01. DOCUMENTACION/Diccionario de datos.tex:83: Undefined control sequence.
\__hook_toplevel selectfont ->{\bbl@mapselect 
                                              }
l.83 \end{tabularx}
                   
The control sequence at the end of the top line
of your error message was never \def'ed. If you have
misspelled it (e.g., `\hobx'), type `I' and the correct
spelling (e.g., `I\hbox'). Otherwise just continue,
and I'll forget about whatever was undefined.

/home/joab/DATASTOCK_SENA/01. DOCUMENTACION/Diccionario de datos.tex:83: Undefined control sequence.
\__hook_toplevel selectfont ->{\bbl@mapselect 
                                              }
l.83 \end{tabularx}
                   
The control sequence at the end of the top line
of your error message was never \def'ed. If you have
misspelled it (e.g., `\hobx'), type `I' and the correct
spelling (e.g., `I\hbox'). Otherwise just continue,
and I'll forget about whatever was undefined.

/home/joab/DATASTOCK_SENA/01. DOCUMENTACION/Diccionario de datos.tex:83: Undefined control sequence.
\__hook_toplevel selectfont ->{\bbl@mapselect 
                                              }
l.83 \end{tabularx}
                   
The control sequence at the end of the top line
of your error message was never \def'ed. If you have
misspelled it (e.g., `\hobx'), type `I' and the correct
spelling (e.g., `I\hbox'). Otherwise just continue,
and I'll forget about whatever was undefined.

/home/joab/DATASTOCK_SENA/01. DOCUMENTACION/Diccionario de datos.tex:83: Undefined control sequence.
\__hook_toplevel selectfont ->{\bbl@mapselect 
                                              }
l.83 \end{tabularx}
                   
The control sequence at the end of the top line
of your error message was never \def'ed. If you have
misspelled it (e.g., `\hobx'), type `I' and the correct
spelling (e.g., `I\hbox'). Otherwise just continue,
and I'll forget about whatever was undefined.

/home/joab/DATASTOCK_SENA/01. DOCUMENTACION/Diccionario de datos.tex:83: Undefined control sequence.
\__hook_toplevel selectfont ->{\bbl@mapselect 
                                              }
l.83 \end{tabularx}
                   
The control sequence at the end of the top line
of your error message was never \def'ed. If you have
misspelled it (e.g., `\hobx'), type `I' and the correct
spelling (e.g., `I\hbox'). Otherwise just continue,
and I'll forget about whatever was undefined.

/home/joab/DATASTOCK_SENA/01. DOCUMENTACION/Diccionario de datos.tex:83: Undefined control sequence.
\__hook_toplevel selectfont ->{\bbl@mapselect 
                                              }
l.83 \end{tabularx}
                   
The control sequence at the end of the top line
of your error message was never \def'ed. If you have
misspelled it (e.g., `\hobx'), type `I' and the correct
spelling (e.g., `I\hbox'). Otherwise just continue,
and I'll forget about whatever was undefined.

/home/joab/DATASTOCK_SENA/01. DOCUMENTACION/Diccionario de datos.tex:83: Undefined control sequence.
\__hook_toplevel selectfont ->{\bbl@mapselect 
                                              }
l.83 \end{tabularx}
                   
The control sequence at the end of the top line
of your error message was never \def'ed. If you have
misspelled it (e.g., `\hobx'), type `I' and the correct
spelling (e.g., `I\hbox'). Otherwise just continue,
and I'll forget about whatever was undefined.

/home/joab/DATASTOCK_SENA/01. DOCUMENTACION/Diccionario de datos.tex:83: Undefined control sequence.
\__hook_toplevel selectfont ->{\bbl@mapselect 
                                              }
l.83 \end{tabularx}
                   
The control sequence at the end of the top line
of your error message was never \def'ed. If you have
misspelled it (e.g., `\hobx'), type `I' and the correct
spelling (e.g., `I\hbox'). Otherwise just continue,
and I'll forget about whatever was undefined.

/home/joab/DATASTOCK_SENA/01. DOCUMENTACION/Diccionario de datos.tex:83: Undefined control sequence.
\__hook_toplevel selectfont ->{\bbl@mapselect 
                                              }
l.83 \end{tabularx}
                   
The control sequence at the end of the top line
of your error message was never \def'ed. If you have
misspelled it (e.g., `\hobx'), type `I' and the correct
spelling (e.g., `I\hbox'). Otherwise just continue,
and I'll forget about whatever was undefined.

/home/joab/DATASTOCK_SENA/01. DOCUMENTACION/Diccionario de datos.tex:83: Undefined control sequence.
\__hook_toplevel selectfont ->{\bbl@mapselect 
                                              }
l.83 \end{tabularx}
                   
The control sequence at the end of the top line
of your error message was never \def'ed. If you have
misspelled it (e.g., `\hobx'), type `I' and the correct
spelling (e.g., `I\hbox'). Otherwise just continue,
and I'll forget about whatever was undefined.

/home/joab/DATASTOCK_SENA/01. DOCUMENTACION/Diccionario de datos.tex:83: Undefined control sequence.
\__hook_toplevel selectfont ->{\bbl@mapselect 
                                              }
l.83 \end{tabularx}
                   
The control sequence at the end of the top line
of your error message was never \def'ed. If you have
misspelled it (e.g., `\hobx'), type `I' and the correct
spelling (e.g., `I\hbox'). Otherwise just continue,
and I'll forget about whatever was undefined.

/home/joab/DATASTOCK_SENA/01. DOCUMENTACION/Diccionario de datos.tex:83: Undefined control sequence.
\__hook_toplevel selectfont ->{\bbl@mapselect 
                                              }
l.83 \end{tabularx}
                   
The control sequence at the end of the top line
of your error message was never \def'ed. If you have
misspelled it (e.g., `\hobx'), type `I' and the correct
spelling (e.g., `I\hbox'). Otherwise just continue,
and I'll forget about whatever was undefined.

/home/joab/DATASTOCK_SENA/01. DOCUMENTACION/Diccionario de datos.tex:83: Undefined control sequence.
\__hook_toplevel selectfont ->{\bbl@mapselect 
                                              }
l.83 \end{tabularx}
                   
The control sequence at the end of the top line
of your error message was never \def'ed. If you have
misspelled it (e.g., `\hobx'), type `I' and the correct
spelling (e.g., `I\hbox'). Otherwise just continue,
and I'll forget about whatever was undefined.

/home/joab/DATASTOCK_SENA/01. DOCUMENTACION/Diccionario de datos.tex:83: Undefined control sequence.
\__hook_toplevel selectfont ->{\bbl@mapselect 
                                              }
l.83 \end{tabularx}
                   
The control sequence at the end of the top line
of your error message was never \def'ed. If you have
misspelled it (e.g., `\hobx'), type `I' and the correct
spelling (e.g., `I\hbox'). Otherwise just continue,
and I'll forget about whatever was undefined.

/home/joab/DATASTOCK_SENA/01. DOCUMENTACION/Diccionario de datos.tex:83: Undefined control sequence.
\__hook_toplevel selectfont ->{\bbl@mapselect 
                                              }
l.83 \end{tabularx}
                   
The control sequence at the end of the top line
of your error message was never \def'ed. If you have
misspelled it (e.g., `\hobx'), type `I' and the correct
spelling (e.g., `I\hbox'). Otherwise just continue,
and I'll forget about whatever was undefined.

/home/joab/DATASTOCK_SENA/01. DOCUMENTACION/Diccionario de datos.tex:83: Undefined control sequence.
\__hook_toplevel selectfont ->{\bbl@mapselect 
                                              }
l.83 \end{tabularx}
                   
The control sequence at the end of the top line
of your error message was never \def'ed. If you have
misspelled it (e.g., `\hobx'), type `I' and the correct
spelling (e.g., `I\hbox'). Otherwise just continue,
and I'll forget about whatever was undefined.

/home/joab/DATASTOCK_SENA/01. DOCUMENTACION/Diccionario de datos.tex:83: Undefined control sequence.
\__hook_toplevel selectfont ->{\bbl@mapselect 
                                              }
l.83 \end{tabularx}
                   
The control sequence at the end of the top line
of your error message was never \def'ed. If you have
misspelled it (e.g., `\hobx'), type `I' and the correct
spelling (e.g., `I\hbox'). Otherwise just continue,
and I'll forget about whatever was undefined.

/home/joab/DATASTOCK_SENA/01. DOCUMENTACION/Diccionario de datos.tex:88: Undefined control sequence.
\__hook_toplevel selectfont ->{\bbl@mapselect 
                                              }
l.88 \textbf{\Large Entidad: \texttt{usuario}}
                                               \\
The control sequence at the end of the top line
of your error message was never \def'ed. If you have
misspelled it (e.g., `\hobx'), type `I' and the correct
spelling (e.g., `I\hbox'). Otherwise just continue,
and I'll forget about whatever was undefined.

/home/joab/DATASTOCK_SENA/01. DOCUMENTACION/Diccionario de datos.tex:88: Undefined control sequence.
\__hook_toplevel selectfont ->{\bbl@mapselect 
                                              }
l.88 \textbf{\Large Entidad: \texttt{usuario}}
                                               \\
The control sequence at the end of the top line
of your error message was never \def'ed. If you have
misspelled it (e.g., `\hobx'), type `I' and the correct
spelling (e.g., `I\hbox'). Otherwise just continue,
and I'll forget about whatever was undefined.

/home/joab/DATASTOCK_SENA/01. DOCUMENTACION/Diccionario de datos.tex:88: Undefined control sequence.
\__hook_toplevel selectfont ->{\bbl@mapselect 
                                              }
l.88 \textbf{\Large Entidad: \texttt{usuario}}
                                               \\
The control sequence at the end of the top line
of your error message was never \def'ed. If you have
misspelled it (e.g., `\hobx'), type `I' and the correct
spelling (e.g., `I\hbox'). Otherwise just continue,
and I'll forget about whatever was undefined.

/home/joab/DATASTOCK_SENA/01. DOCUMENTACION/Diccionario de datos.tex:89: Undefined control sequence.
\__hook_toplevel selectfont ->{\bbl@mapselect 
                                              }
l.89 \textit{Descripción:}
                            Almacena la información personal, de contacto y...
The control sequence at the end of the top line
of your error message was never \def'ed. If you have
misspelled it (e.g., `\hobx'), type `I' and the correct
spelling (e.g., `I\hbox'). Otherwise just continue,
and I'll forget about whatever was undefined.

/home/joab/DATASTOCK_SENA/01. DOCUMENTACION/Diccionario de datos.tex:103: Undefined control sequence.
\__hook_toplevel selectfont ->{\bbl@mapselect 
                                              }
l.103 \end{tabularx}
                    
The control sequence at the end of the top line
of your error message was never \def'ed. If you have
misspelled it (e.g., `\hobx'), type `I' and the correct
spelling (e.g., `I\hbox'). Otherwise just continue,
and I'll forget about whatever was undefined.

/home/joab/DATASTOCK_SENA/01. DOCUMENTACION/Diccionario de datos.tex:103: Undefined control sequence.
\__hook_toplevel selectfont ->{\bbl@mapselect 
                                              }
l.103 \end{tabularx}
                    
The control sequence at the end of the top line
of your error message was never \def'ed. If you have
misspelled it (e.g., `\hobx'), type `I' and the correct
spelling (e.g., `I\hbox'). Otherwise just continue,
and I'll forget about whatever was undefined.

/home/joab/DATASTOCK_SENA/01. DOCUMENTACION/Diccionario de datos.tex:103: Undefined control sequence.
\__hook_toplevel selectfont ->{\bbl@mapselect 
                                              }
l.103 \end{tabularx}
                    
The control sequence at the end of the top line
of your error message was never \def'ed. If you have
misspelled it (e.g., `\hobx'), type `I' and the correct
spelling (e.g., `I\hbox'). Otherwise just continue,
and I'll forget about whatever was undefined.

/home/joab/DATASTOCK_SENA/01. DOCUMENTACION/Diccionario de datos.tex:103: Undefined control sequence.
\__hook_toplevel selectfont ->{\bbl@mapselect 
                                              }
l.103 \end{tabularx}
                    
The control sequence at the end of the top line
of your error message was never \def'ed. If you have
misspelled it (e.g., `\hobx'), type `I' and the correct
spelling (e.g., `I\hbox'). Otherwise just continue,
and I'll forget about whatever was undefined.

/home/joab/DATASTOCK_SENA/01. DOCUMENTACION/Diccionario de datos.tex:103: Undefined control sequence.
\__hook_toplevel selectfont ->{\bbl@mapselect 
                                              }
l.103 \end{tabularx}
                    
The control sequence at the end of the top line
of your error message was never \def'ed. If you have
misspelled it (e.g., `\hobx'), type `I' and the correct
spelling (e.g., `I\hbox'). Otherwise just continue,
and I'll forget about whatever was undefined.

/home/joab/DATASTOCK_SENA/01. DOCUMENTACION/Diccionario de datos.tex:103: Undefined control sequence.
\__hook_toplevel selectfont ->{\bbl@mapselect 
                                              }
l.103 \end{tabularx}
                    
The control sequence at the end of the top line
of your error message was never \def'ed. If you have
misspelled it (e.g., `\hobx'), type `I' and the correct
spelling (e.g., `I\hbox'). Otherwise just continue,
and I'll forget about whatever was undefined.

/home/joab/DATASTOCK_SENA/01. DOCUMENTACION/Diccionario de datos.tex:103: Undefined control sequence.
\__hook_toplevel selectfont ->{\bbl@mapselect 
                                              }
l.103 \end{tabularx}
                    
The control sequence at the end of the top line
of your error message was never \def'ed. If you have
misspelled it (e.g., `\hobx'), type `I' and the correct
spelling (e.g., `I\hbox'). Otherwise just continue,
and I'll forget about whatever was undefined.

/home/joab/DATASTOCK_SENA/01. DOCUMENTACION/Diccionario de datos.tex:103: Undefined control sequence.
\__hook_toplevel selectfont ->{\bbl@mapselect 
                                              }
l.103 \end{tabularx}
                    
The control sequence at the end of the top line
of your error message was never \def'ed. If you have
misspelled it (e.g., `\hobx'), type `I' and the correct
spelling (e.g., `I\hbox'). Otherwise just continue,
and I'll forget about whatever was undefined.

/home/joab/DATASTOCK_SENA/01. DOCUMENTACION/Diccionario de datos.tex:103: Undefined control sequence.
\__hook_toplevel selectfont ->{\bbl@mapselect 
                                              }
l.103 \end{tabularx}
                    
The control sequence at the end of the top line
of your error message was never \def'ed. If you have
misspelled it (e.g., `\hobx'), type `I' and the correct
spelling (e.g., `I\hbox'). Otherwise just continue,
and I'll forget about whatever was undefined.

/home/joab/DATASTOCK_SENA/01. DOCUMENTACION/Diccionario de datos.tex:103: Undefined control sequence.
\__hook_toplevel selectfont ->{\bbl@mapselect 
                                              }
l.103 \end{tabularx}
                    
The control sequence at the end of the top line
of your error message was never \def'ed. If you have
misspelled it (e.g., `\hobx'), type `I' and the correct
spelling (e.g., `I\hbox'). Otherwise just continue,
and I'll forget about whatever was undefined.

/home/joab/DATASTOCK_SENA/01. DOCUMENTACION/Diccionario de datos.tex:103: Undefined control sequence.
\__hook_toplevel selectfont ->{\bbl@mapselect 
                                              }
l.103 \end{tabularx}
                    
The control sequence at the end of the top line
of your error message was never \def'ed. If you have
misspelled it (e.g., `\hobx'), type `I' and the correct
spelling (e.g., `I\hbox'). Otherwise just continue,
and I'll forget about whatever was undefined.

/home/joab/DATASTOCK_SENA/01. DOCUMENTACION/Diccionario de datos.tex:103: Undefined control sequence.
\__hook_toplevel selectfont ->{\bbl@mapselect 
                                              }
l.103 \end{tabularx}
                    
The control sequence at the end of the top line
of your error message was never \def'ed. If you have
misspelled it (e.g., `\hobx'), type `I' and the correct
spelling (e.g., `I\hbox'). Otherwise just continue,
and I'll forget about whatever was undefined.

/home/joab/DATASTOCK_SENA/01. DOCUMENTACION/Diccionario de datos.tex:103: Undefined control sequence.
\__hook_toplevel selectfont ->{\bbl@mapselect 
                                              }
l.103 \end{tabularx}
                    
The control sequence at the end of the top line
of your error message was never \def'ed. If you have
misspelled it (e.g., `\hobx'), type `I' and the correct
spelling (e.g., `I\hbox'). Otherwise just continue,
and I'll forget about whatever was undefined.

/home/joab/DATASTOCK_SENA/01. DOCUMENTACION/Diccionario de datos.tex:103: Undefined control sequence.
\__hook_toplevel selectfont ->{\bbl@mapselect 
                                              }
l.103 \end{tabularx}
                    
The control sequence at the end of the top line
of your error message was never \def'ed. If you have
misspelled it (e.g., `\hobx'), type `I' and the correct
spelling (e.g., `I\hbox'). Otherwise just continue,
and I'll forget about whatever was undefined.

/home/joab/DATASTOCK_SENA/01. DOCUMENTACION/Diccionario de datos.tex:103: Undefined control sequence.
\__hook_toplevel selectfont ->{\bbl@mapselect 
                                              }
l.103 \end{tabularx}
                    
The control sequence at the end of the top line
of your error message was never \def'ed. If you have
misspelled it (e.g., `\hobx'), type `I' and the correct
spelling (e.g., `I\hbox'). Otherwise just continue,
and I'll forget about whatever was undefined.

/home/joab/DATASTOCK_SENA/01. DOCUMENTACION/Diccionario de datos.tex:103: Undefined control sequence.
\__hook_toplevel selectfont ->{\bbl@mapselect 
                                              }
l.103 \end{tabularx}
                    
The control sequence at the end of the top line
of your error message was never \def'ed. If you have
misspelled it (e.g., `\hobx'), type `I' and the correct
spelling (e.g., `I\hbox'). Otherwise just continue,
and I'll forget about whatever was undefined.

/home/joab/DATASTOCK_SENA/01. DOCUMENTACION/Diccionario de datos.tex:103: Undefined control sequence.
\__hook_toplevel selectfont ->{\bbl@mapselect 
                                              }
l.103 \end{tabularx}
                    
The control sequence at the end of the top line
of your error message was never \def'ed. If you have
misspelled it (e.g., `\hobx'), type `I' and the correct
spelling (e.g., `I\hbox'). Otherwise just continue,
and I'll forget about whatever was undefined.

/home/joab/DATASTOCK_SENA/01. DOCUMENTACION/Diccionario de datos.tex:103: Undefined control sequence.
\__hook_toplevel selectfont ->{\bbl@mapselect 
                                              }
l.103 \end{tabularx}
                    
The control sequence at the end of the top line
of your error message was never \def'ed. If you have
misspelled it (e.g., `\hobx'), type `I' and the correct
spelling (e.g., `I\hbox'). Otherwise just continue,
and I'll forget about whatever was undefined.

/home/joab/DATASTOCK_SENA/01. DOCUMENTACION/Diccionario de datos.tex:103: Undefined control sequence.
\__hook_toplevel selectfont ->{\bbl@mapselect 
                                              }
l.103 \end{tabularx}
                    
The control sequence at the end of the top line
of your error message was never \def'ed. If you have
misspelled it (e.g., `\hobx'), type `I' and the correct
spelling (e.g., `I\hbox'). Otherwise just continue,
and I'll forget about whatever was undefined.

/home/joab/DATASTOCK_SENA/01. DOCUMENTACION/Diccionario de datos.tex:103: Undefined control sequence.
\__hook_toplevel selectfont ->{\bbl@mapselect 
                                              }
l.103 \end{tabularx}
                    
The control sequence at the end of the top line
of your error message was never \def'ed. If you have
misspelled it (e.g., `\hobx'), type `I' and the correct
spelling (e.g., `I\hbox'). Otherwise just continue,
and I'll forget about whatever was undefined.

/home/joab/DATASTOCK_SENA/01. DOCUMENTACION/Diccionario de datos.tex:103: Undefined control sequence.
\__hook_toplevel selectfont ->{\bbl@mapselect 
                                              }
l.103 \end{tabularx}
                    
The control sequence at the end of the top line
of your error message was never \def'ed. If you have
misspelled it (e.g., `\hobx'), type `I' and the correct
spelling (e.g., `I\hbox'). Otherwise just continue,
and I'll forget about whatever was undefined.

/home/joab/DATASTOCK_SENA/01. DOCUMENTACION/Diccionario de datos.tex:103: Undefined control sequence.
\__hook_toplevel selectfont ->{\bbl@mapselect 
                                              }
l.103 \end{tabularx}
                    
The control sequence at the end of the top line
of your error message was never \def'ed. If you have
misspelled it (e.g., `\hobx'), type `I' and the correct
spelling (e.g., `I\hbox'). Otherwise just continue,
and I'll forget about whatever was undefined.

/home/joab/DATASTOCK_SENA/01. DOCUMENTACION/Diccionario de datos.tex:103: Undefined control sequence.
\__hook_toplevel selectfont ->{\bbl@mapselect 
                                              }
l.103 \end{tabularx}
                    
The control sequence at the end of the top line
of your error message was never \def'ed. If you have
misspelled it (e.g., `\hobx'), type `I' and the correct
spelling (e.g., `I\hbox'). Otherwise just continue,
and I'll forget about whatever was undefined.

/home/joab/DATASTOCK_SENA/01. DOCUMENTACION/Diccionario de datos.tex:103: Undefined control sequence.
\__hook_toplevel selectfont ->{\bbl@mapselect 
                                              }
l.103 \end{tabularx}
                    
The control sequence at the end of the top line
of your error message was never \def'ed. If you have
misspelled it (e.g., `\hobx'), type `I' and the correct
spelling (e.g., `I\hbox'). Otherwise just continue,
and I'll forget about whatever was undefined.

/home/joab/DATASTOCK_SENA/01. DOCUMENTACION/Diccionario de datos.tex:103: Undefined control sequence.
\__hook_toplevel selectfont ->{\bbl@mapselect 
                                              }
l.103 \end{tabularx}
                    
The control sequence at the end of the top line
of your error message was never \def'ed. If you have
misspelled it (e.g., `\hobx'), type `I' and the correct
spelling (e.g., `I\hbox'). Otherwise just continue,
and I'll forget about whatever was undefined.

/home/joab/DATASTOCK_SENA/01. DOCUMENTACION/Diccionario de datos.tex:103: Undefined control sequence.
\__hook_toplevel selectfont ->{\bbl@mapselect 
                                              }
l.103 \end{tabularx}
                    
The control sequence at the end of the top line
of your error message was never \def'ed. If you have
misspelled it (e.g., `\hobx'), type `I' and the correct
spelling (e.g., `I\hbox'). Otherwise just continue,
and I'll forget about whatever was undefined.

/home/joab/DATASTOCK_SENA/01. DOCUMENTACION/Diccionario de datos.tex:103: Undefined control sequence.
\__hook_toplevel selectfont ->{\bbl@mapselect 
                                              }
l.103 \end{tabularx}
                    
The control sequence at the end of the top line
of your error message was never \def'ed. If you have
misspelled it (e.g., `\hobx'), type `I' and the correct
spelling (e.g., `I\hbox'). Otherwise just continue,
and I'll forget about whatever was undefined.

/home/joab/DATASTOCK_SENA/01. DOCUMENTACION/Diccionario de datos.tex:103: Undefined control sequence.
\__hook_toplevel selectfont ->{\bbl@mapselect 
                                              }
l.103 \end{tabularx}
                    
The control sequence at the end of the top line
of your error message was never \def'ed. If you have
misspelled it (e.g., `\hobx'), type `I' and the correct
spelling (e.g., `I\hbox'). Otherwise just continue,
and I'll forget about whatever was undefined.

/home/joab/DATASTOCK_SENA/01. DOCUMENTACION/Diccionario de datos.tex:103: Undefined control sequence.
\__hook_toplevel selectfont ->{\bbl@mapselect 
                                              }
l.103 \end{tabularx}
                    
The control sequence at the end of the top line
of your error message was never \def'ed. If you have
misspelled it (e.g., `\hobx'), type `I' and the correct
spelling (e.g., `I\hbox'). Otherwise just continue,
and I'll forget about whatever was undefined.

/home/joab/DATASTOCK_SENA/01. DOCUMENTACION/Diccionario de datos.tex:103: Undefined control sequence.
\__hook_toplevel selectfont ->{\bbl@mapselect 
                                              }
l.103 \end{tabularx}
                    
The control sequence at the end of the top line
of your error message was never \def'ed. If you have
misspelled it (e.g., `\hobx'), type `I' and the correct
spelling (e.g., `I\hbox'). Otherwise just continue,
and I'll forget about whatever was undefined.

/home/joab/DATASTOCK_SENA/01. DOCUMENTACION/Diccionario de datos.tex:103: Undefined control sequence.
\__hook_toplevel selectfont ->{\bbl@mapselect 
                                              }
l.103 \end{tabularx}
                    
The control sequence at the end of the top line
of your error message was never \def'ed. If you have
misspelled it (e.g., `\hobx'), type `I' and the correct
spelling (e.g., `I\hbox'). Otherwise just continue,
and I'll forget about whatever was undefined.

/home/joab/DATASTOCK_SENA/01. DOCUMENTACION/Diccionario de datos.tex:103: Undefined control sequence.
\__hook_toplevel selectfont ->{\bbl@mapselect 
                                              }
l.103 \end{tabularx}
                    
The control sequence at the end of the top line
of your error message was never \def'ed. If you have
misspelled it (e.g., `\hobx'), type `I' and the correct
spelling (e.g., `I\hbox'). Otherwise just continue,
and I'll forget about whatever was undefined.

/home/joab/DATASTOCK_SENA/01. DOCUMENTACION/Diccionario de datos.tex:103: Undefined control sequence.
\__hook_toplevel selectfont ->{\bbl@mapselect 
                                              }
l.103 \end{tabularx}
                    
The control sequence at the end of the top line
of your error message was never \def'ed. If you have
misspelled it (e.g., `\hobx'), type `I' and the correct
spelling (e.g., `I\hbox'). Otherwise just continue,
and I'll forget about whatever was undefined.

/home/joab/DATASTOCK_SENA/01. DOCUMENTACION/Diccionario de datos.tex:103: Undefined control sequence.
\__hook_toplevel selectfont ->{\bbl@mapselect 
                                              }
l.103 \end{tabularx}
                    
The control sequence at the end of the top line
of your error message was never \def'ed. If you have
misspelled it (e.g., `\hobx'), type `I' and the correct
spelling (e.g., `I\hbox'). Otherwise just continue,
and I'll forget about whatever was undefined.

/home/joab/DATASTOCK_SENA/01. DOCUMENTACION/Diccionario de datos.tex:103: Undefined control sequence.
\__hook_toplevel selectfont ->{\bbl@mapselect 
                                              }
l.103 \end{tabularx}
                    
The control sequence at the end of the top line
of your error message was never \def'ed. If you have
misspelled it (e.g., `\hobx'), type `I' and the correct
spelling (e.g., `I\hbox'). Otherwise just continue,
and I'll forget about whatever was undefined.

/home/joab/DATASTOCK_SENA/01. DOCUMENTACION/Diccionario de datos.tex:103: Undefined control sequence.
\__hook_toplevel selectfont ->{\bbl@mapselect 
                                              }
l.103 \end{tabularx}
                    
The control sequence at the end of the top line
of your error message was never \def'ed. If you have
misspelled it (e.g., `\hobx'), type `I' and the correct
spelling (e.g., `I\hbox'). Otherwise just continue,
and I'll forget about whatever was undefined.

/home/joab/DATASTOCK_SENA/01. DOCUMENTACION/Diccionario de datos.tex:103: Undefined control sequence.
\__hook_toplevel selectfont ->{\bbl@mapselect 
                                              }
l.103 \end{tabularx}
                    
The control sequence at the end of the top line
of your error message was never \def'ed. If you have
misspelled it (e.g., `\hobx'), type `I' and the correct
spelling (e.g., `I\hbox'). Otherwise just continue,
and I'll forget about whatever was undefined.


Underfull \hbox (badness 1281) in paragraph at lines 103--103
[]|\OT1/cmr/m/n/10.95 N^^Sume-ro de iden-ti-fi-ca-ci^^Son del usua-rio
 []

/home/joab/DATASTOCK_SENA/01. DOCUMENTACION/Diccionario de datos.tex:103: Undefined control sequence.
\__hook_toplevel selectfont ->{\bbl@mapselect 
                                              }
l.103 \end{tabularx}
                    
The control sequence at the end of the top line
of your error message was never \def'ed. If you have
misspelled it (e.g., `\hobx'), type `I' and the correct
spelling (e.g., `I\hbox'). Otherwise just continue,
and I'll forget about whatever was undefined.

/home/joab/DATASTOCK_SENA/01. DOCUMENTACION/Diccionario de datos.tex:103: Undefined control sequence.
\__hook_toplevel selectfont ->{\bbl@mapselect 
                                              }
l.103 \end{tabularx}
                    
The control sequence at the end of the top line
of your error message was never \def'ed. If you have
misspelled it (e.g., `\hobx'), type `I' and the correct
spelling (e.g., `I\hbox'). Otherwise just continue,
and I'll forget about whatever was undefined.

/home/joab/DATASTOCK_SENA/01. DOCUMENTACION/Diccionario de datos.tex:103: Undefined control sequence.
\__hook_toplevel selectfont ->{\bbl@mapselect 
                                              }
l.103 \end{tabularx}
                    
The control sequence at the end of the top line
of your error message was never \def'ed. If you have
misspelled it (e.g., `\hobx'), type `I' and the correct
spelling (e.g., `I\hbox'). Otherwise just continue,
and I'll forget about whatever was undefined.

/home/joab/DATASTOCK_SENA/01. DOCUMENTACION/Diccionario de datos.tex:103: Undefined control sequence.
\__hook_toplevel selectfont ->{\bbl@mapselect 
                                              }
l.103 \end{tabularx}
                    
The control sequence at the end of the top line
of your error message was never \def'ed. If you have
misspelled it (e.g., `\hobx'), type `I' and the correct
spelling (e.g., `I\hbox'). Otherwise just continue,
and I'll forget about whatever was undefined.

/home/joab/DATASTOCK_SENA/01. DOCUMENTACION/Diccionario de datos.tex:103: Undefined control sequence.
\__hook_toplevel selectfont ->{\bbl@mapselect 
                                              }
l.103 \end{tabularx}
                    
The control sequence at the end of the top line
of your error message was never \def'ed. If you have
misspelled it (e.g., `\hobx'), type `I' and the correct
spelling (e.g., `I\hbox'). Otherwise just continue,
and I'll forget about whatever was undefined.

/home/joab/DATASTOCK_SENA/01. DOCUMENTACION/Diccionario de datos.tex:108: Undefined control sequence.
\__hook_toplevel selectfont ->{\bbl@mapselect 
                                              }
l.108 ...ntidad: \texttt{historial\_rol\_usuario}}
                                                   \\
The control sequence at the end of the top line
of your error message was never \def'ed. If you have
misspelled it (e.g., `\hobx'), type `I' and the correct
spelling (e.g., `I\hbox'). Otherwise just continue,
and I'll forget about whatever was undefined.

/home/joab/DATASTOCK_SENA/01. DOCUMENTACION/Diccionario de datos.tex:108: Undefined control sequence.
\__hook_toplevel selectfont ->{\bbl@mapselect 
                                              }
l.108 ...ntidad: \texttt{historial\_rol\_usuario}}
                                                   \\
The control sequence at the end of the top line
of your error message was never \def'ed. If you have
misspelled it (e.g., `\hobx'), type `I' and the correct
spelling (e.g., `I\hbox'). Otherwise just continue,
and I'll forget about whatever was undefined.

/home/joab/DATASTOCK_SENA/01. DOCUMENTACION/Diccionario de datos.tex:108: Undefined control sequence.
\__hook_toplevel selectfont ->{\bbl@mapselect 
                                              }
l.108 ...ntidad: \texttt{historial\_rol\_usuario}}
                                                   \\
The control sequence at the end of the top line
of your error message was never \def'ed. If you have
misspelled it (e.g., `\hobx'), type `I' and the correct
spelling (e.g., `I\hbox'). Otherwise just continue,
and I'll forget about whatever was undefined.

/home/joab/DATASTOCK_SENA/01. DOCUMENTACION/Diccionario de datos.tex:109: Undefined control sequence.
\__hook_toplevel selectfont ->{\bbl@mapselect 
                                              }
l.109 \textit{Descripción:}
                             Tabla intermedia que define qué rol tiene asig...
The control sequence at the end of the top line
of your error message was never \def'ed. If you have
misspelled it (e.g., `\hobx'), type `I' and the correct
spelling (e.g., `I\hbox'). Otherwise just continue,
and I'll forget about whatever was undefined.

/home/joab/DATASTOCK_SENA/01. DOCUMENTACION/Diccionario de datos.tex:120: Undefined control sequence.
\__hook_toplevel selectfont ->{\bbl@mapselect 
                                              }
l.120 \end{tabularx}
                    
The control sequence at the end of the top line
of your error message was never \def'ed. If you have
misspelled it (e.g., `\hobx'), type `I' and the correct
spelling (e.g., `I\hbox'). Otherwise just continue,
and I'll forget about whatever was undefined.

/home/joab/DATASTOCK_SENA/01. DOCUMENTACION/Diccionario de datos.tex:120: Undefined control sequence.
\__hook_toplevel selectfont ->{\bbl@mapselect 
                                              }
l.120 \end{tabularx}
                    
The control sequence at the end of the top line
of your error message was never \def'ed. If you have
misspelled it (e.g., `\hobx'), type `I' and the correct
spelling (e.g., `I\hbox'). Otherwise just continue,
and I'll forget about whatever was undefined.

/home/joab/DATASTOCK_SENA/01. DOCUMENTACION/Diccionario de datos.tex:120: Undefined control sequence.
\__hook_toplevel selectfont ->{\bbl@mapselect 
                                              }
l.120 \end{tabularx}
                    
The control sequence at the end of the top line
of your error message was never \def'ed. If you have
misspelled it (e.g., `\hobx'), type `I' and the correct
spelling (e.g., `I\hbox'). Otherwise just continue,
and I'll forget about whatever was undefined.

/home/joab/DATASTOCK_SENA/01. DOCUMENTACION/Diccionario de datos.tex:120: Undefined control sequence.
\__hook_toplevel selectfont ->{\bbl@mapselect 
                                              }
l.120 \end{tabularx}
                    
The control sequence at the end of the top line
of your error message was never \def'ed. If you have
misspelled it (e.g., `\hobx'), type `I' and the correct
spelling (e.g., `I\hbox'). Otherwise just continue,
and I'll forget about whatever was undefined.

/home/joab/DATASTOCK_SENA/01. DOCUMENTACION/Diccionario de datos.tex:120: Undefined control sequence.
\__hook_toplevel selectfont ->{\bbl@mapselect 
                                              }
l.120 \end{tabularx}
                    
The control sequence at the end of the top line
of your error message was never \def'ed. If you have
misspelled it (e.g., `\hobx'), type `I' and the correct
spelling (e.g., `I\hbox'). Otherwise just continue,
and I'll forget about whatever was undefined.

/home/joab/DATASTOCK_SENA/01. DOCUMENTACION/Diccionario de datos.tex:120: Undefined control sequence.
\__hook_toplevel selectfont ->{\bbl@mapselect 
                                              }
l.120 \end{tabularx}
                    
The control sequence at the end of the top line
of your error message was never \def'ed. If you have
misspelled it (e.g., `\hobx'), type `I' and the correct
spelling (e.g., `I\hbox'). Otherwise just continue,
and I'll forget about whatever was undefined.

/home/joab/DATASTOCK_SENA/01. DOCUMENTACION/Diccionario de datos.tex:120: Undefined control sequence.
\__hook_toplevel selectfont ->{\bbl@mapselect 
                                              }
l.120 \end{tabularx}
                    
The control sequence at the end of the top line
of your error message was never \def'ed. If you have
misspelled it (e.g., `\hobx'), type `I' and the correct
spelling (e.g., `I\hbox'). Otherwise just continue,
and I'll forget about whatever was undefined.

/home/joab/DATASTOCK_SENA/01. DOCUMENTACION/Diccionario de datos.tex:120: Undefined control sequence.
\__hook_toplevel selectfont ->{\bbl@mapselect 
                                              }
l.120 \end{tabularx}
                    
The control sequence at the end of the top line
of your error message was never \def'ed. If you have
misspelled it (e.g., `\hobx'), type `I' and the correct
spelling (e.g., `I\hbox'). Otherwise just continue,
and I'll forget about whatever was undefined.

/home/joab/DATASTOCK_SENA/01. DOCUMENTACION/Diccionario de datos.tex:120: Undefined control sequence.
\__hook_toplevel selectfont ->{\bbl@mapselect 
                                              }
l.120 \end{tabularx}
                    
The control sequence at the end of the top line
of your error message was never \def'ed. If you have
misspelled it (e.g., `\hobx'), type `I' and the correct
spelling (e.g., `I\hbox'). Otherwise just continue,
and I'll forget about whatever was undefined.

/home/joab/DATASTOCK_SENA/01. DOCUMENTACION/Diccionario de datos.tex:120: Undefined control sequence.
\__hook_toplevel selectfont ->{\bbl@mapselect 
                                              }
l.120 \end{tabularx}
                    
The control sequence at the end of the top line
of your error message was never \def'ed. If you have
misspelled it (e.g., `\hobx'), type `I' and the correct
spelling (e.g., `I\hbox'). Otherwise just continue,
and I'll forget about whatever was undefined.

/home/joab/DATASTOCK_SENA/01. DOCUMENTACION/Diccionario de datos.tex:120: Undefined control sequence.
\__hook_toplevel selectfont ->{\bbl@mapselect 
                                              }
l.120 \end{tabularx}
                    
The control sequence at the end of the top line
of your error message was never \def'ed. If you have
misspelled it (e.g., `\hobx'), type `I' and the correct
spelling (e.g., `I\hbox'). Otherwise just continue,
and I'll forget about whatever was undefined.

/home/joab/DATASTOCK_SENA/01. DOCUMENTACION/Diccionario de datos.tex:120: Undefined control sequence.
\__hook_toplevel selectfont ->{\bbl@mapselect 
                                              }
l.120 \end{tabularx}
                    
The control sequence at the end of the top line
of your error message was never \def'ed. If you have
misspelled it (e.g., `\hobx'), type `I' and the correct
spelling (e.g., `I\hbox'). Otherwise just continue,
and I'll forget about whatever was undefined.

/home/joab/DATASTOCK_SENA/01. DOCUMENTACION/Diccionario de datos.tex:120: Undefined control sequence.
\__hook_toplevel selectfont ->{\bbl@mapselect 
                                              }
l.120 \end{tabularx}
                    
The control sequence at the end of the top line
of your error message was never \def'ed. If you have
misspelled it (e.g., `\hobx'), type `I' and the correct
spelling (e.g., `I\hbox'). Otherwise just continue,
and I'll forget about whatever was undefined.

/home/joab/DATASTOCK_SENA/01. DOCUMENTACION/Diccionario de datos.tex:120: Undefined control sequence.
\__hook_toplevel selectfont ->{\bbl@mapselect 
                                              }
l.120 \end{tabularx}
                    
The control sequence at the end of the top line
of your error message was never \def'ed. If you have
misspelled it (e.g., `\hobx'), type `I' and the correct
spelling (e.g., `I\hbox'). Otherwise just continue,
and I'll forget about whatever was undefined.

/home/joab/DATASTOCK_SENA/01. DOCUMENTACION/Diccionario de datos.tex:120: Undefined control sequence.
\__hook_toplevel selectfont ->{\bbl@mapselect 
                                              }
l.120 \end{tabularx}
                    
The control sequence at the end of the top line
of your error message was never \def'ed. If you have
misspelled it (e.g., `\hobx'), type `I' and the correct
spelling (e.g., `I\hbox'). Otherwise just continue,
and I'll forget about whatever was undefined.

/home/joab/DATASTOCK_SENA/01. DOCUMENTACION/Diccionario de datos.tex:120: Undefined control sequence.
\__hook_toplevel selectfont ->{\bbl@mapselect 
                                              }
l.120 \end{tabularx}
                    
The control sequence at the end of the top line
of your error message was never \def'ed. If you have
misspelled it (e.g., `\hobx'), type `I' and the correct
spelling (e.g., `I\hbox'). Otherwise just continue,
and I'll forget about whatever was undefined.

/home/joab/DATASTOCK_SENA/01. DOCUMENTACION/Diccionario de datos.tex:120: Undefined control sequence.
\__hook_toplevel selectfont ->{\bbl@mapselect 
                                              }
l.120 \end{tabularx}
                    
The control sequence at the end of the top line
of your error message was never \def'ed. If you have
misspelled it (e.g., `\hobx'), type `I' and the correct
spelling (e.g., `I\hbox'). Otherwise just continue,
and I'll forget about whatever was undefined.

/home/joab/DATASTOCK_SENA/01. DOCUMENTACION/Diccionario de datos.tex:120: Undefined control sequence.
\__hook_toplevel selectfont ->{\bbl@mapselect 
                                              }
l.120 \end{tabularx}
                    
The control sequence at the end of the top line
of your error message was never \def'ed. If you have
misspelled it (e.g., `\hobx'), type `I' and the correct
spelling (e.g., `I\hbox'). Otherwise just continue,
and I'll forget about whatever was undefined.

/home/joab/DATASTOCK_SENA/01. DOCUMENTACION/Diccionario de datos.tex:120: Undefined control sequence.
\__hook_toplevel selectfont ->{\bbl@mapselect 
                                              }
l.120 \end{tabularx}
                    
The control sequence at the end of the top line
of your error message was never \def'ed. If you have
misspelled it (e.g., `\hobx'), type `I' and the correct
spelling (e.g., `I\hbox'). Otherwise just continue,
and I'll forget about whatever was undefined.

/home/joab/DATASTOCK_SENA/01. DOCUMENTACION/Diccionario de datos.tex:120: Undefined control sequence.
\__hook_toplevel selectfont ->{\bbl@mapselect 
                                              }
l.120 \end{tabularx}
                    
The control sequence at the end of the top line
of your error message was never \def'ed. If you have
misspelled it (e.g., `\hobx'), type `I' and the correct
spelling (e.g., `I\hbox'). Otherwise just continue,
and I'll forget about whatever was undefined.

/home/joab/DATASTOCK_SENA/01. DOCUMENTACION/Diccionario de datos.tex:120: Undefined control sequence.
\__hook_toplevel selectfont ->{\bbl@mapselect 
                                              }
l.120 \end{tabularx}
                    
The control sequence at the end of the top line
of your error message was never \def'ed. If you have
misspelled it (e.g., `\hobx'), type `I' and the correct
spelling (e.g., `I\hbox'). Otherwise just continue,
and I'll forget about whatever was undefined.

/home/joab/DATASTOCK_SENA/01. DOCUMENTACION/Diccionario de datos.tex:120: Undefined control sequence.
\__hook_toplevel selectfont ->{\bbl@mapselect 
                                              }
l.120 \end{tabularx}
                    
The control sequence at the end of the top line
of your error message was never \def'ed. If you have
misspelled it (e.g., `\hobx'), type `I' and the correct
spelling (e.g., `I\hbox'). Otherwise just continue,
and I'll forget about whatever was undefined.

/home/joab/DATASTOCK_SENA/01. DOCUMENTACION/Diccionario de datos.tex:120: Undefined control sequence.
\__hook_toplevel selectfont ->{\bbl@mapselect 
                                              }
l.120 \end{tabularx}
                    
The control sequence at the end of the top line
of your error message was never \def'ed. If you have
misspelled it (e.g., `\hobx'), type `I' and the correct
spelling (e.g., `I\hbox'). Otherwise just continue,
and I'll forget about whatever was undefined.

/home/joab/DATASTOCK_SENA/01. DOCUMENTACION/Diccionario de datos.tex:120: Undefined control sequence.
\__hook_toplevel selectfont ->{\bbl@mapselect 
                                              }
l.120 \end{tabularx}
                    
The control sequence at the end of the top line
of your error message was never \def'ed. If you have
misspelled it (e.g., `\hobx'), type `I' and the correct
spelling (e.g., `I\hbox'). Otherwise just continue,
and I'll forget about whatever was undefined.

/home/joab/DATASTOCK_SENA/01. DOCUMENTACION/Diccionario de datos.tex:120: Undefined control sequence.
\__hook_toplevel selectfont ->{\bbl@mapselect 
                                              }
l.120 \end{tabularx}
                    
The control sequence at the end of the top line
of your error message was never \def'ed. If you have
misspelled it (e.g., `\hobx'), type `I' and the correct
spelling (e.g., `I\hbox'). Otherwise just continue,
and I'll forget about whatever was undefined.

/home/joab/DATASTOCK_SENA/01. DOCUMENTACION/Diccionario de datos.tex:120: Undefined control sequence.
\__hook_toplevel selectfont ->{\bbl@mapselect 
                                              }
l.120 \end{tabularx}
                    
The control sequence at the end of the top line
of your error message was never \def'ed. If you have
misspelled it (e.g., `\hobx'), type `I' and the correct
spelling (e.g., `I\hbox'). Otherwise just continue,
and I'll forget about whatever was undefined.

/home/joab/DATASTOCK_SENA/01. DOCUMENTACION/Diccionario de datos.tex:120: Undefined control sequence.
\__hook_toplevel selectfont ->{\bbl@mapselect 
                                              }
l.120 \end{tabularx}
                    
The control sequence at the end of the top line
of your error message was never \def'ed. If you have
misspelled it (e.g., `\hobx'), type `I' and the correct
spelling (e.g., `I\hbox'). Otherwise just continue,
and I'll forget about whatever was undefined.

/home/joab/DATASTOCK_SENA/01. DOCUMENTACION/Diccionario de datos.tex:120: Undefined control sequence.
\__hook_toplevel selectfont ->{\bbl@mapselect 
                                              }
l.120 \end{tabularx}
                    
The control sequence at the end of the top line
of your error message was never \def'ed. If you have
misspelled it (e.g., `\hobx'), type `I' and the correct
spelling (e.g., `I\hbox'). Otherwise just continue,
and I'll forget about whatever was undefined.

/home/joab/DATASTOCK_SENA/01. DOCUMENTACION/Diccionario de datos.tex:120: Undefined control sequence.
\__hook_toplevel selectfont ->{\bbl@mapselect 
                                              }
l.120 \end{tabularx}
                    
The control sequence at the end of the top line
of your error message was never \def'ed. If you have
misspelled it (e.g., `\hobx'), type `I' and the correct
spelling (e.g., `I\hbox'). Otherwise just continue,
and I'll forget about whatever was undefined.

/home/joab/DATASTOCK_SENA/01. DOCUMENTACION/Diccionario de datos.tex:120: Undefined control sequence.
\__hook_toplevel selectfont ->{\bbl@mapselect 
                                              }
l.120 \end{tabularx}
                    
The control sequence at the end of the top line
of your error message was never \def'ed. If you have
misspelled it (e.g., `\hobx'), type `I' and the correct
spelling (e.g., `I\hbox'). Otherwise just continue,
and I'll forget about whatever was undefined.

/home/joab/DATASTOCK_SENA/01. DOCUMENTACION/Diccionario de datos.tex:120: Undefined control sequence.
\__hook_toplevel selectfont ->{\bbl@mapselect 
                                              }
l.120 \end{tabularx}
                    
The control sequence at the end of the top line
of your error message was never \def'ed. If you have
misspelled it (e.g., `\hobx'), type `I' and the correct
spelling (e.g., `I\hbox'). Otherwise just continue,
and I'll forget about whatever was undefined.

/home/joab/DATASTOCK_SENA/01. DOCUMENTACION/Diccionario de datos.tex:120: Undefined control sequence.
\__hook_toplevel selectfont ->{\bbl@mapselect 
                                              }
l.120 \end{tabularx}
                    
The control sequence at the end of the top line
of your error message was never \def'ed. If you have
misspelled it (e.g., `\hobx'), type `I' and the correct
spelling (e.g., `I\hbox'). Otherwise just continue,
and I'll forget about whatever was undefined.

/home/joab/DATASTOCK_SENA/01. DOCUMENTACION/Diccionario de datos.tex:120: Undefined control sequence.
\__hook_toplevel selectfont ->{\bbl@mapselect 
                                              }
l.120 \end{tabularx}
                    
The control sequence at the end of the top line
of your error message was never \def'ed. If you have
misspelled it (e.g., `\hobx'), type `I' and the correct
spelling (e.g., `I\hbox'). Otherwise just continue,
and I'll forget about whatever was undefined.

/home/joab/DATASTOCK_SENA/01. DOCUMENTACION/Diccionario de datos.tex:125: Undefined control sequence.
\__hook_toplevel selectfont ->{\bbl@mapselect 
                                              }
l.125 \textbf{\Large Entidad: \texttt{categoria}}
                                                  \\
The control sequence at the end of the top line
of your error message was never \def'ed. If you have
misspelled it (e.g., `\hobx'), type `I' and the correct
spelling (e.g., `I\hbox'). Otherwise just continue,
and I'll forget about whatever was undefined.

/home/joab/DATASTOCK_SENA/01. DOCUMENTACION/Diccionario de datos.tex:125: Undefined control sequence.
\__hook_toplevel selectfont ->{\bbl@mapselect 
                                              }
l.125 \textbf{\Large Entidad: \texttt{categoria}}
                                                  \\
The control sequence at the end of the top line
of your error message was never \def'ed. If you have
misspelled it (e.g., `\hobx'), type `I' and the correct
spelling (e.g., `I\hbox'). Otherwise just continue,
and I'll forget about whatever was undefined.

/home/joab/DATASTOCK_SENA/01. DOCUMENTACION/Diccionario de datos.tex:125: Undefined control sequence.
\__hook_toplevel selectfont ->{\bbl@mapselect 
                                              }
l.125 \textbf{\Large Entidad: \texttt{categoria}}
                                                  \\
The control sequence at the end of the top line
of your error message was never \def'ed. If you have
misspelled it (e.g., `\hobx'), type `I' and the correct
spelling (e.g., `I\hbox'). Otherwise just continue,
and I'll forget about whatever was undefined.

/home/joab/DATASTOCK_SENA/01. DOCUMENTACION/Diccionario de datos.tex:126: Undefined control sequence.
\__hook_toplevel selectfont ->{\bbl@mapselect 
                                              }
l.126 \textit{Descripción:}
                             Catálogo de las clasificaciones o agrupaciones...
The control sequence at the end of the top line
of your error message was never \def'ed. If you have
misspelled it (e.g., `\hobx'), type `I' and the correct
spelling (e.g., `I\hbox'). Otherwise just continue,
and I'll forget about whatever was undefined.

/home/joab/DATASTOCK_SENA/01. DOCUMENTACION/Diccionario de datos.tex:135: Undefined control sequence.
\__hook_toplevel selectfont ->{\bbl@mapselect 
                                              }
l.135 \end{tabularx}
                    
The control sequence at the end of the top line
of your error message was never \def'ed. If you have
misspelled it (e.g., `\hobx'), type `I' and the correct
spelling (e.g., `I\hbox'). Otherwise just continue,
and I'll forget about whatever was undefined.

/home/joab/DATASTOCK_SENA/01. DOCUMENTACION/Diccionario de datos.tex:135: Undefined control sequence.
\__hook_toplevel selectfont ->{\bbl@mapselect 
                                              }
l.135 \end{tabularx}
                    
The control sequence at the end of the top line
of your error message was never \def'ed. If you have
misspelled it (e.g., `\hobx'), type `I' and the correct
spelling (e.g., `I\hbox'). Otherwise just continue,
and I'll forget about whatever was undefined.

/home/joab/DATASTOCK_SENA/01. DOCUMENTACION/Diccionario de datos.tex:135: Undefined control sequence.
\__hook_toplevel selectfont ->{\bbl@mapselect 
                                              }
l.135 \end{tabularx}
                    
The control sequence at the end of the top line
of your error message was never \def'ed. If you have
misspelled it (e.g., `\hobx'), type `I' and the correct
spelling (e.g., `I\hbox'). Otherwise just continue,
and I'll forget about whatever was undefined.

/home/joab/DATASTOCK_SENA/01. DOCUMENTACION/Diccionario de datos.tex:135: Undefined control sequence.
\__hook_toplevel selectfont ->{\bbl@mapselect 
                                              }
l.135 \end{tabularx}
                    
The control sequence at the end of the top line
of your error message was never \def'ed. If you have
misspelled it (e.g., `\hobx'), type `I' and the correct
spelling (e.g., `I\hbox'). Otherwise just continue,
and I'll forget about whatever was undefined.

/home/joab/DATASTOCK_SENA/01. DOCUMENTACION/Diccionario de datos.tex:135: Undefined control sequence.
\__hook_toplevel selectfont ->{\bbl@mapselect 
                                              }
l.135 \end{tabularx}
                    
The control sequence at the end of the top line
of your error message was never \def'ed. If you have
misspelled it (e.g., `\hobx'), type `I' and the correct
spelling (e.g., `I\hbox'). Otherwise just continue,
and I'll forget about whatever was undefined.

/home/joab/DATASTOCK_SENA/01. DOCUMENTACION/Diccionario de datos.tex:135: Undefined control sequence.
\__hook_toplevel selectfont ->{\bbl@mapselect 
                                              }
l.135 \end{tabularx}
                    
The control sequence at the end of the top line
of your error message was never \def'ed. If you have
misspelled it (e.g., `\hobx'), type `I' and the correct
spelling (e.g., `I\hbox'). Otherwise just continue,
and I'll forget about whatever was undefined.

/home/joab/DATASTOCK_SENA/01. DOCUMENTACION/Diccionario de datos.tex:135: Undefined control sequence.
\__hook_toplevel selectfont ->{\bbl@mapselect 
                                              }
l.135 \end{tabularx}
                    
The control sequence at the end of the top line
of your error message was never \def'ed. If you have
misspelled it (e.g., `\hobx'), type `I' and the correct
spelling (e.g., `I\hbox'). Otherwise just continue,
and I'll forget about whatever was undefined.

/home/joab/DATASTOCK_SENA/01. DOCUMENTACION/Diccionario de datos.tex:135: Undefined control sequence.
\__hook_toplevel selectfont ->{\bbl@mapselect 
                                              }
l.135 \end{tabularx}
                    
The control sequence at the end of the top line
of your error message was never \def'ed. If you have
misspelled it (e.g., `\hobx'), type `I' and the correct
spelling (e.g., `I\hbox'). Otherwise just continue,
and I'll forget about whatever was undefined.

/home/joab/DATASTOCK_SENA/01. DOCUMENTACION/Diccionario de datos.tex:135: Undefined control sequence.
\__hook_toplevel selectfont ->{\bbl@mapselect 
                                              }
l.135 \end{tabularx}
                    
The control sequence at the end of the top line
of your error message was never \def'ed. If you have
misspelled it (e.g., `\hobx'), type `I' and the correct
spelling (e.g., `I\hbox'). Otherwise just continue,
and I'll forget about whatever was undefined.

/home/joab/DATASTOCK_SENA/01. DOCUMENTACION/Diccionario de datos.tex:135: Undefined control sequence.
\__hook_toplevel selectfont ->{\bbl@mapselect 
                                              }
l.135 \end{tabularx}
                    
The control sequence at the end of the top line
of your error message was never \def'ed. If you have
misspelled it (e.g., `\hobx'), type `I' and the correct
spelling (e.g., `I\hbox'). Otherwise just continue,
and I'll forget about whatever was undefined.

/home/joab/DATASTOCK_SENA/01. DOCUMENTACION/Diccionario de datos.tex:135: Undefined control sequence.
\__hook_toplevel selectfont ->{\bbl@mapselect 
                                              }
l.135 \end{tabularx}
                    
The control sequence at the end of the top line
of your error message was never \def'ed. If you have
misspelled it (e.g., `\hobx'), type `I' and the correct
spelling (e.g., `I\hbox'). Otherwise just continue,
and I'll forget about whatever was undefined.

/home/joab/DATASTOCK_SENA/01. DOCUMENTACION/Diccionario de datos.tex:135: Undefined control sequence.
\__hook_toplevel selectfont ->{\bbl@mapselect 
                                              }
l.135 \end{tabularx}
                    
The control sequence at the end of the top line
of your error message was never \def'ed. If you have
misspelled it (e.g., `\hobx'), type `I' and the correct
spelling (e.g., `I\hbox'). Otherwise just continue,
and I'll forget about whatever was undefined.

/home/joab/DATASTOCK_SENA/01. DOCUMENTACION/Diccionario de datos.tex:135: Undefined control sequence.
\__hook_toplevel selectfont ->{\bbl@mapselect 
                                              }
l.135 \end{tabularx}
                    
The control sequence at the end of the top line
of your error message was never \def'ed. If you have
misspelled it (e.g., `\hobx'), type `I' and the correct
spelling (e.g., `I\hbox'). Otherwise just continue,
and I'll forget about whatever was undefined.

/home/joab/DATASTOCK_SENA/01. DOCUMENTACION/Diccionario de datos.tex:135: Undefined control sequence.
\__hook_toplevel selectfont ->{\bbl@mapselect 
                                              }
l.135 \end{tabularx}
                    
The control sequence at the end of the top line
of your error message was never \def'ed. If you have
misspelled it (e.g., `\hobx'), type `I' and the correct
spelling (e.g., `I\hbox'). Otherwise just continue,
and I'll forget about whatever was undefined.

/home/joab/DATASTOCK_SENA/01. DOCUMENTACION/Diccionario de datos.tex:135: Undefined control sequence.
\__hook_toplevel selectfont ->{\bbl@mapselect 
                                              }
l.135 \end{tabularx}
                    
The control sequence at the end of the top line
of your error message was never \def'ed. If you have
misspelled it (e.g., `\hobx'), type `I' and the correct
spelling (e.g., `I\hbox'). Otherwise just continue,
and I'll forget about whatever was undefined.

/home/joab/DATASTOCK_SENA/01. DOCUMENTACION/Diccionario de datos.tex:135: Undefined control sequence.
\__hook_toplevel selectfont ->{\bbl@mapselect 
                                              }
l.135 \end{tabularx}
                    
The control sequence at the end of the top line
of your error message was never \def'ed. If you have
misspelled it (e.g., `\hobx'), type `I' and the correct
spelling (e.g., `I\hbox'). Otherwise just continue,
and I'll forget about whatever was undefined.

/home/joab/DATASTOCK_SENA/01. DOCUMENTACION/Diccionario de datos.tex:135: Undefined control sequence.
\__hook_toplevel selectfont ->{\bbl@mapselect 
                                              }
l.135 \end{tabularx}
                    
The control sequence at the end of the top line
of your error message was never \def'ed. If you have
misspelled it (e.g., `\hobx'), type `I' and the correct
spelling (e.g., `I\hbox'). Otherwise just continue,
and I'll forget about whatever was undefined.

/home/joab/DATASTOCK_SENA/01. DOCUMENTACION/Diccionario de datos.tex:135: Undefined control sequence.
\__hook_toplevel selectfont ->{\bbl@mapselect 
                                              }
l.135 \end{tabularx}
                    
The control sequence at the end of the top line
of your error message was never \def'ed. If you have
misspelled it (e.g., `\hobx'), type `I' and the correct
spelling (e.g., `I\hbox'). Otherwise just continue,
and I'll forget about whatever was undefined.

/home/joab/DATASTOCK_SENA/01. DOCUMENTACION/Diccionario de datos.tex:135: Undefined control sequence.
\__hook_toplevel selectfont ->{\bbl@mapselect 
                                              }
l.135 \end{tabularx}
                    
The control sequence at the end of the top line
of your error message was never \def'ed. If you have
misspelled it (e.g., `\hobx'), type `I' and the correct
spelling (e.g., `I\hbox'). Otherwise just continue,
and I'll forget about whatever was undefined.

/home/joab/DATASTOCK_SENA/01. DOCUMENTACION/Diccionario de datos.tex:135: Undefined control sequence.
\__hook_toplevel selectfont ->{\bbl@mapselect 
                                              }
l.135 \end{tabularx}
                    
The control sequence at the end of the top line
of your error message was never \def'ed. If you have
misspelled it (e.g., `\hobx'), type `I' and the correct
spelling (e.g., `I\hbox'). Otherwise just continue,
and I'll forget about whatever was undefined.

/home/joab/DATASTOCK_SENA/01. DOCUMENTACION/Diccionario de datos.tex:135: Undefined control sequence.
\__hook_toplevel selectfont ->{\bbl@mapselect 
                                              }
l.135 \end{tabularx}
                    
The control sequence at the end of the top line
of your error message was never \def'ed. If you have
misspelled it (e.g., `\hobx'), type `I' and the correct
spelling (e.g., `I\hbox'). Otherwise just continue,
and I'll forget about whatever was undefined.

/home/joab/DATASTOCK_SENA/01. DOCUMENTACION/Diccionario de datos.tex:135: Undefined control sequence.
\__hook_toplevel selectfont ->{\bbl@mapselect 
                                              }
l.135 \end{tabularx}
                    
The control sequence at the end of the top line
of your error message was never \def'ed. If you have
misspelled it (e.g., `\hobx'), type `I' and the correct
spelling (e.g., `I\hbox'). Otherwise just continue,
and I'll forget about whatever was undefined.

/home/joab/DATASTOCK_SENA/01. DOCUMENTACION/Diccionario de datos.tex:135: Undefined control sequence.
\__hook_toplevel selectfont ->{\bbl@mapselect 
                                              }
l.135 \end{tabularx}
                    
The control sequence at the end of the top line
of your error message was never \def'ed. If you have
misspelled it (e.g., `\hobx'), type `I' and the correct
spelling (e.g., `I\hbox'). Otherwise just continue,
and I'll forget about whatever was undefined.

/home/joab/DATASTOCK_SENA/01. DOCUMENTACION/Diccionario de datos.tex:135: Undefined control sequence.
\__hook_toplevel selectfont ->{\bbl@mapselect 
                                              }
l.135 \end{tabularx}
                    
The control sequence at the end of the top line
of your error message was never \def'ed. If you have
misspelled it (e.g., `\hobx'), type `I' and the correct
spelling (e.g., `I\hbox'). Otherwise just continue,
and I'll forget about whatever was undefined.

/home/joab/DATASTOCK_SENA/01. DOCUMENTACION/Diccionario de datos.tex:135: Undefined control sequence.
\__hook_toplevel selectfont ->{\bbl@mapselect 
                                              }
l.135 \end{tabularx}
                    
The control sequence at the end of the top line
of your error message was never \def'ed. If you have
misspelled it (e.g., `\hobx'), type `I' and the correct
spelling (e.g., `I\hbox'). Otherwise just continue,
and I'll forget about whatever was undefined.

/home/joab/DATASTOCK_SENA/01. DOCUMENTACION/Diccionario de datos.tex:135: Undefined control sequence.
\__hook_toplevel selectfont ->{\bbl@mapselect 
                                              }
l.135 \end{tabularx}
                    
The control sequence at the end of the top line
of your error message was never \def'ed. If you have
misspelled it (e.g., `\hobx'), type `I' and the correct
spelling (e.g., `I\hbox'). Otherwise just continue,
and I'll forget about whatever was undefined.

/home/joab/DATASTOCK_SENA/01. DOCUMENTACION/Diccionario de datos.tex:135: Undefined control sequence.
\__hook_toplevel selectfont ->{\bbl@mapselect 
                                              }
l.135 \end{tabularx}
                    
The control sequence at the end of the top line
of your error message was never \def'ed. If you have
misspelled it (e.g., `\hobx'), type `I' and the correct
spelling (e.g., `I\hbox'). Otherwise just continue,
and I'll forget about whatever was undefined.

/home/joab/DATASTOCK_SENA/01. DOCUMENTACION/Diccionario de datos.tex:140: Undefined control sequence.
\__hook_toplevel selectfont ->{\bbl@mapselect 
                                              }
l.140 \textbf{\Large Entidad: \texttt{marca}}
                                              \\
The control sequence at the end of the top line
of your error message was never \def'ed. If you have
misspelled it (e.g., `\hobx'), type `I' and the correct
spelling (e.g., `I\hbox'). Otherwise just continue,
and I'll forget about whatever was undefined.

/home/joab/DATASTOCK_SENA/01. DOCUMENTACION/Diccionario de datos.tex:140: Undefined control sequence.
\__hook_toplevel selectfont ->{\bbl@mapselect 
                                              }
l.140 \textbf{\Large Entidad: \texttt{marca}}
                                              \\
The control sequence at the end of the top line
of your error message was never \def'ed. If you have
misspelled it (e.g., `\hobx'), type `I' and the correct
spelling (e.g., `I\hbox'). Otherwise just continue,
and I'll forget about whatever was undefined.

/home/joab/DATASTOCK_SENA/01. DOCUMENTACION/Diccionario de datos.tex:140: Undefined control sequence.
\__hook_toplevel selectfont ->{\bbl@mapselect 
                                              }
l.140 \textbf{\Large Entidad: \texttt{marca}}
                                              \\
The control sequence at the end of the top line
of your error message was never \def'ed. If you have
misspelled it (e.g., `\hobx'), type `I' and the correct
spelling (e.g., `I\hbox'). Otherwise just continue,
and I'll forget about whatever was undefined.

/home/joab/DATASTOCK_SENA/01. DOCUMENTACION/Diccionario de datos.tex:141: Undefined control sequence.
\__hook_toplevel selectfont ->{\bbl@mapselect 
                                              }
l.141 \textit{Descripción:}
                             Catálogo de las marcas de los productos comerc...
The control sequence at the end of the top line
of your error message was never \def'ed. If you have
misspelled it (e.g., `\hobx'), type `I' and the correct
spelling (e.g., `I\hbox'). Otherwise just continue,
and I'll forget about whatever was undefined.

/home/joab/DATASTOCK_SENA/01. DOCUMENTACION/Diccionario de datos.tex:150: Undefined control sequence.
\__hook_toplevel selectfont ->{\bbl@mapselect 
                                              }
l.150 \end{tabularx}
                    
The control sequence at the end of the top line
of your error message was never \def'ed. If you have
misspelled it (e.g., `\hobx'), type `I' and the correct
spelling (e.g., `I\hbox'). Otherwise just continue,
and I'll forget about whatever was undefined.

/home/joab/DATASTOCK_SENA/01. DOCUMENTACION/Diccionario de datos.tex:150: Undefined control sequence.
\__hook_toplevel selectfont ->{\bbl@mapselect 
                                              }
l.150 \end{tabularx}
                    
The control sequence at the end of the top line
of your error message was never \def'ed. If you have
misspelled it (e.g., `\hobx'), type `I' and the correct
spelling (e.g., `I\hbox'). Otherwise just continue,
and I'll forget about whatever was undefined.

/home/joab/DATASTOCK_SENA/01. DOCUMENTACION/Diccionario de datos.tex:150: Undefined control sequence.
\__hook_toplevel selectfont ->{\bbl@mapselect 
                                              }
l.150 \end{tabularx}
                    
The control sequence at the end of the top line
of your error message was never \def'ed. If you have
misspelled it (e.g., `\hobx'), type `I' and the correct
spelling (e.g., `I\hbox'). Otherwise just continue,
and I'll forget about whatever was undefined.

/home/joab/DATASTOCK_SENA/01. DOCUMENTACION/Diccionario de datos.tex:150: Undefined control sequence.
\__hook_toplevel selectfont ->{\bbl@mapselect 
                                              }
l.150 \end{tabularx}
                    
The control sequence at the end of the top line
of your error message was never \def'ed. If you have
misspelled it (e.g., `\hobx'), type `I' and the correct
spelling (e.g., `I\hbox'). Otherwise just continue,
and I'll forget about whatever was undefined.

/home/joab/DATASTOCK_SENA/01. DOCUMENTACION/Diccionario de datos.tex:150: Undefined control sequence.
\__hook_toplevel selectfont ->{\bbl@mapselect 
                                              }
l.150 \end{tabularx}
                    
The control sequence at the end of the top line
of your error message was never \def'ed. If you have
misspelled it (e.g., `\hobx'), type `I' and the correct
spelling (e.g., `I\hbox'). Otherwise just continue,
and I'll forget about whatever was undefined.

/home/joab/DATASTOCK_SENA/01. DOCUMENTACION/Diccionario de datos.tex:150: Undefined control sequence.
\__hook_toplevel selectfont ->{\bbl@mapselect 
                                              }
l.150 \end{tabularx}
                    
The control sequence at the end of the top line
of your error message was never \def'ed. If you have
misspelled it (e.g., `\hobx'), type `I' and the correct
spelling (e.g., `I\hbox'). Otherwise just continue,
and I'll forget about whatever was undefined.

/home/joab/DATASTOCK_SENA/01. DOCUMENTACION/Diccionario de datos.tex:150: Undefined control sequence.
\__hook_toplevel selectfont ->{\bbl@mapselect 
                                              }
l.150 \end{tabularx}
                    
The control sequence at the end of the top line
of your error message was never \def'ed. If you have
misspelled it (e.g., `\hobx'), type `I' and the correct
spelling (e.g., `I\hbox'). Otherwise just continue,
and I'll forget about whatever was undefined.

/home/joab/DATASTOCK_SENA/01. DOCUMENTACION/Diccionario de datos.tex:150: Undefined control sequence.
\__hook_toplevel selectfont ->{\bbl@mapselect 
                                              }
l.150 \end{tabularx}
                    
The control sequence at the end of the top line
of your error message was never \def'ed. If you have
misspelled it (e.g., `\hobx'), type `I' and the correct
spelling (e.g., `I\hbox'). Otherwise just continue,
and I'll forget about whatever was undefined.

/home/joab/DATASTOCK_SENA/01. DOCUMENTACION/Diccionario de datos.tex:150: Undefined control sequence.
\__hook_toplevel selectfont ->{\bbl@mapselect 
                                              }
l.150 \end{tabularx}
                    
The control sequence at the end of the top line
of your error message was never \def'ed. If you have
misspelled it (e.g., `\hobx'), type `I' and the correct
spelling (e.g., `I\hbox'). Otherwise just continue,
and I'll forget about whatever was undefined.

/home/joab/DATASTOCK_SENA/01. DOCUMENTACION/Diccionario de datos.tex:150: Undefined control sequence.
\__hook_toplevel selectfont ->{\bbl@mapselect 
                                              }
l.150 \end{tabularx}
                    
The control sequence at the end of the top line
of your error message was never \def'ed. If you have
misspelled it (e.g., `\hobx'), type `I' and the correct
spelling (e.g., `I\hbox'). Otherwise just continue,
and I'll forget about whatever was undefined.

/home/joab/DATASTOCK_SENA/01. DOCUMENTACION/Diccionario de datos.tex:150: Undefined control sequence.
\__hook_toplevel selectfont ->{\bbl@mapselect 
                                              }
l.150 \end{tabularx}
                    
The control sequence at the end of the top line
of your error message was never \def'ed. If you have
misspelled it (e.g., `\hobx'), type `I' and the correct
spelling (e.g., `I\hbox'). Otherwise just continue,
and I'll forget about whatever was undefined.

/home/joab/DATASTOCK_SENA/01. DOCUMENTACION/Diccionario de datos.tex:150: Undefined control sequence.
\__hook_toplevel selectfont ->{\bbl@mapselect 
                                              }
l.150 \end{tabularx}
                    
The control sequence at the end of the top line
of your error message was never \def'ed. If you have
misspelled it (e.g., `\hobx'), type `I' and the correct
spelling (e.g., `I\hbox'). Otherwise just continue,
and I'll forget about whatever was undefined.

/home/joab/DATASTOCK_SENA/01. DOCUMENTACION/Diccionario de datos.tex:150: Undefined control sequence.
\__hook_toplevel selectfont ->{\bbl@mapselect 
                                              }
l.150 \end{tabularx}
                    
The control sequence at the end of the top line
of your error message was never \def'ed. If you have
misspelled it (e.g., `\hobx'), type `I' and the correct
spelling (e.g., `I\hbox'). Otherwise just continue,
and I'll forget about whatever was undefined.

/home/joab/DATASTOCK_SENA/01. DOCUMENTACION/Diccionario de datos.tex:150: Undefined control sequence.
\__hook_toplevel selectfont ->{\bbl@mapselect 
                                              }
l.150 \end{tabularx}
                    
The control sequence at the end of the top line
of your error message was never \def'ed. If you have
misspelled it (e.g., `\hobx'), type `I' and the correct
spelling (e.g., `I\hbox'). Otherwise just continue,
and I'll forget about whatever was undefined.

/home/joab/DATASTOCK_SENA/01. DOCUMENTACION/Diccionario de datos.tex:150: Undefined control sequence.
\__hook_toplevel selectfont ->{\bbl@mapselect 
                                              }
l.150 \end{tabularx}
                    
The control sequence at the end of the top line
of your error message was never \def'ed. If you have
misspelled it (e.g., `\hobx'), type `I' and the correct
spelling (e.g., `I\hbox'). Otherwise just continue,
and I'll forget about whatever was undefined.

/home/joab/DATASTOCK_SENA/01. DOCUMENTACION/Diccionario de datos.tex:150: Undefined control sequence.
\__hook_toplevel selectfont ->{\bbl@mapselect 
                                              }
l.150 \end{tabularx}
                    
The control sequence at the end of the top line
of your error message was never \def'ed. If you have
misspelled it (e.g., `\hobx'), type `I' and the correct
spelling (e.g., `I\hbox'). Otherwise just continue,
and I'll forget about whatever was undefined.

/home/joab/DATASTOCK_SENA/01. DOCUMENTACION/Diccionario de datos.tex:150: Undefined control sequence.
\__hook_toplevel selectfont ->{\bbl@mapselect 
                                              }
l.150 \end{tabularx}
                    
The control sequence at the end of the top line
of your error message was never \def'ed. If you have
misspelled it (e.g., `\hobx'), type `I' and the correct
spelling (e.g., `I\hbox'). Otherwise just continue,
and I'll forget about whatever was undefined.

/home/joab/DATASTOCK_SENA/01. DOCUMENTACION/Diccionario de datos.tex:150: Undefined control sequence.
\__hook_toplevel selectfont ->{\bbl@mapselect 
                                              }
l.150 \end{tabularx}
                    
The control sequence at the end of the top line
of your error message was never \def'ed. If you have
misspelled it (e.g., `\hobx'), type `I' and the correct
spelling (e.g., `I\hbox'). Otherwise just continue,
and I'll forget about whatever was undefined.

/home/joab/DATASTOCK_SENA/01. DOCUMENTACION/Diccionario de datos.tex:150: Undefined control sequence.
\__hook_toplevel selectfont ->{\bbl@mapselect 
                                              }
l.150 \end{tabularx}
                    
The control sequence at the end of the top line
of your error message was never \def'ed. If you have
misspelled it (e.g., `\hobx'), type `I' and the correct
spelling (e.g., `I\hbox'). Otherwise just continue,
and I'll forget about whatever was undefined.

/home/joab/DATASTOCK_SENA/01. DOCUMENTACION/Diccionario de datos.tex:150: Undefined control sequence.
\__hook_toplevel selectfont ->{\bbl@mapselect 
                                              }
l.150 \end{tabularx}
                    
The control sequence at the end of the top line
of your error message was never \def'ed. If you have
misspelled it (e.g., `\hobx'), type `I' and the correct
spelling (e.g., `I\hbox'). Otherwise just continue,
and I'll forget about whatever was undefined.

/home/joab/DATASTOCK_SENA/01. DOCUMENTACION/Diccionario de datos.tex:150: Undefined control sequence.
\__hook_toplevel selectfont ->{\bbl@mapselect 
                                              }
l.150 \end{tabularx}
                    
The control sequence at the end of the top line
of your error message was never \def'ed. If you have
misspelled it (e.g., `\hobx'), type `I' and the correct
spelling (e.g., `I\hbox'). Otherwise just continue,
and I'll forget about whatever was undefined.

/home/joab/DATASTOCK_SENA/01. DOCUMENTACION/Diccionario de datos.tex:150: Undefined control sequence.
\__hook_toplevel selectfont ->{\bbl@mapselect 
                                              }
l.150 \end{tabularx}
                    
The control sequence at the end of the top line
of your error message was never \def'ed. If you have
misspelled it (e.g., `\hobx'), type `I' and the correct
spelling (e.g., `I\hbox'). Otherwise just continue,
and I'll forget about whatever was undefined.

/home/joab/DATASTOCK_SENA/01. DOCUMENTACION/Diccionario de datos.tex:150: Undefined control sequence.
\__hook_toplevel selectfont ->{\bbl@mapselect 
                                              }
l.150 \end{tabularx}
                    
The control sequence at the end of the top line
of your error message was never \def'ed. If you have
misspelled it (e.g., `\hobx'), type `I' and the correct
spelling (e.g., `I\hbox'). Otherwise just continue,
and I'll forget about whatever was undefined.

/home/joab/DATASTOCK_SENA/01. DOCUMENTACION/Diccionario de datos.tex:150: Undefined control sequence.
\__hook_toplevel selectfont ->{\bbl@mapselect 
                                              }
l.150 \end{tabularx}
                    
The control sequence at the end of the top line
of your error message was never \def'ed. If you have
misspelled it (e.g., `\hobx'), type `I' and the correct
spelling (e.g., `I\hbox'). Otherwise just continue,
and I'll forget about whatever was undefined.

/home/joab/DATASTOCK_SENA/01. DOCUMENTACION/Diccionario de datos.tex:150: Undefined control sequence.
\__hook_toplevel selectfont ->{\bbl@mapselect 
                                              }
l.150 \end{tabularx}
                    
The control sequence at the end of the top line
of your error message was never \def'ed. If you have
misspelled it (e.g., `\hobx'), type `I' and the correct
spelling (e.g., `I\hbox'). Otherwise just continue,
and I'll forget about whatever was undefined.

/home/joab/DATASTOCK_SENA/01. DOCUMENTACION/Diccionario de datos.tex:150: Undefined control sequence.
\__hook_toplevel selectfont ->{\bbl@mapselect 
                                              }
l.150 \end{tabularx}
                    
The control sequence at the end of the top line
of your error message was never \def'ed. If you have
misspelled it (e.g., `\hobx'), type `I' and the correct
spelling (e.g., `I\hbox'). Otherwise just continue,
and I'll forget about whatever was undefined.

/home/joab/DATASTOCK_SENA/01. DOCUMENTACION/Diccionario de datos.tex:150: Undefined control sequence.
\__hook_toplevel selectfont ->{\bbl@mapselect 
                                              }
l.150 \end{tabularx}
                    
The control sequence at the end of the top line
of your error message was never \def'ed. If you have
misspelled it (e.g., `\hobx'), type `I' and the correct
spelling (e.g., `I\hbox'). Otherwise just continue,
and I'll forget about whatever was undefined.

/home/joab/DATASTOCK_SENA/01. DOCUMENTACION/Diccionario de datos.tex:153: Undefined control sequence.
\__hook_toplevel selectfont ->{\bbl@mapselect 
                                              }
l.153 
      
The control sequence at the end of the top line
of your error message was never \def'ed. If you have
misspelled it (e.g., `\hobx'), type `I' and the correct
spelling (e.g., `I\hbox'). Otherwise just continue,
and I'll forget about whatever was undefined.

/home/joab/DATASTOCK_SENA/01. DOCUMENTACION/Diccionario de datos.tex:153: Undefined control sequence.
\__hook_toplevel selectfont ->{\bbl@mapselect 
                                              }
l.153 
      
The control sequence at the end of the top line
of your error message was never \def'ed. If you have
misspelled it (e.g., `\hobx'), type `I' and the correct
spelling (e.g., `I\hbox'). Otherwise just continue,
and I'll forget about whatever was undefined.

/home/joab/DATASTOCK_SENA/01. DOCUMENTACION/Diccionario de datos.tex:153: Undefined control sequence.
\__hook_toplevel selectfont ->{\bbl@mapselect 
                                              }
l.153 
      
The control sequence at the end of the top line
of your error message was never \def'ed. If you have
misspelled it (e.g., `\hobx'), type `I' and the correct
spelling (e.g., `I\hbox'). Otherwise just continue,
and I'll forget about whatever was undefined.

[1]
/home/joab/DATASTOCK_SENA/01. DOCUMENTACION/Diccionario de datos.tex:155: Undefined control sequence.
\__hook_toplevel selectfont ->{\bbl@mapselect 
                                              }
l.155 \textbf{\Large Entidad: \texttt{producto}}
                                                 \\
The control sequence at the end of the top line
of your error message was never \def'ed. If you have
misspelled it (e.g., `\hobx'), type `I' and the correct
spelling (e.g., `I\hbox'). Otherwise just continue,
and I'll forget about whatever was undefined.

/home/joab/DATASTOCK_SENA/01. DOCUMENTACION/Diccionario de datos.tex:155: Undefined control sequence.
\__hook_toplevel selectfont ->{\bbl@mapselect 
                                              }
l.155 \textbf{\Large Entidad: \texttt{producto}}
                                                 \\
The control sequence at the end of the top line
of your error message was never \def'ed. If you have
misspelled it (e.g., `\hobx'), type `I' and the correct
spelling (e.g., `I\hbox'). Otherwise just continue,
and I'll forget about whatever was undefined.

/home/joab/DATASTOCK_SENA/01. DOCUMENTACION/Diccionario de datos.tex:155: Undefined control sequence.
\__hook_toplevel selectfont ->{\bbl@mapselect 
                                              }
l.155 \textbf{\Large Entidad: \texttt{producto}}
                                                 \\
The control sequence at the end of the top line
of your error message was never \def'ed. If you have
misspelled it (e.g., `\hobx'), type `I' and the correct
spelling (e.g., `I\hbox'). Otherwise just continue,
and I'll forget about whatever was undefined.

/home/joab/DATASTOCK_SENA/01. DOCUMENTACION/Diccionario de datos.tex:156: Undefined control sequence.
\__hook_toplevel selectfont ->{\bbl@mapselect 
                                              }
l.156 \textit{Descripción:}
                             Almacena el catálogo de mercancía permitida e...
The control sequence at the end of the top line
of your error message was never \def'ed. If you have
misspelled it (e.g., `\hobx'), type `I' and the correct
spelling (e.g., `I\hbox'). Otherwise just continue,
and I'll forget about whatever was undefined.

/home/joab/DATASTOCK_SENA/01. DOCUMENTACION/Diccionario de datos.tex:168: Undefined control sequence.
\__hook_toplevel selectfont ->{\bbl@mapselect 
                                              }
l.168 \end{tabularx}
                    
The control sequence at the end of the top line
of your error message was never \def'ed. If you have
misspelled it (e.g., `\hobx'), type `I' and the correct
spelling (e.g., `I\hbox'). Otherwise just continue,
and I'll forget about whatever was undefined.

/home/joab/DATASTOCK_SENA/01. DOCUMENTACION/Diccionario de datos.tex:168: Undefined control sequence.
\__hook_toplevel selectfont ->{\bbl@mapselect 
                                              }
l.168 \end{tabularx}
                    
The control sequence at the end of the top line
of your error message was never \def'ed. If you have
misspelled it (e.g., `\hobx'), type `I' and the correct
spelling (e.g., `I\hbox'). Otherwise just continue,
and I'll forget about whatever was undefined.

/home/joab/DATASTOCK_SENA/01. DOCUMENTACION/Diccionario de datos.tex:168: Undefined control sequence.
\__hook_toplevel selectfont ->{\bbl@mapselect 
                                              }
l.168 \end{tabularx}
                    
The control sequence at the end of the top line
of your error message was never \def'ed. If you have
misspelled it (e.g., `\hobx'), type `I' and the correct
spelling (e.g., `I\hbox'). Otherwise just continue,
and I'll forget about whatever was undefined.

/home/joab/DATASTOCK_SENA/01. DOCUMENTACION/Diccionario de datos.tex:168: Undefined control sequence.
\__hook_toplevel selectfont ->{\bbl@mapselect 
                                              }
l.168 \end{tabularx}
                    
The control sequence at the end of the top line
of your error message was never \def'ed. If you have
misspelled it (e.g., `\hobx'), type `I' and the correct
spelling (e.g., `I\hbox'). Otherwise just continue,
and I'll forget about whatever was undefined.

/home/joab/DATASTOCK_SENA/01. DOCUMENTACION/Diccionario de datos.tex:168: Undefined control sequence.
\__hook_toplevel selectfont ->{\bbl@mapselect 
                                              }
l.168 \end{tabularx}
                    
The control sequence at the end of the top line
of your error message was never \def'ed. If you have
misspelled it (e.g., `\hobx'), type `I' and the correct
spelling (e.g., `I\hbox'). Otherwise just continue,
and I'll forget about whatever was undefined.

/home/joab/DATASTOCK_SENA/01. DOCUMENTACION/Diccionario de datos.tex:168: Undefined control sequence.
\__hook_toplevel selectfont ->{\bbl@mapselect 
                                              }
l.168 \end{tabularx}
                    
The control sequence at the end of the top line
of your error message was never \def'ed. If you have
misspelled it (e.g., `\hobx'), type `I' and the correct
spelling (e.g., `I\hbox'). Otherwise just continue,
and I'll forget about whatever was undefined.

/home/joab/DATASTOCK_SENA/01. DOCUMENTACION/Diccionario de datos.tex:168: Undefined control sequence.
\__hook_toplevel selectfont ->{\bbl@mapselect 
                                              }
l.168 \end{tabularx}
                    
The control sequence at the end of the top line
of your error message was never \def'ed. If you have
misspelled it (e.g., `\hobx'), type `I' and the correct
spelling (e.g., `I\hbox'). Otherwise just continue,
and I'll forget about whatever was undefined.

/home/joab/DATASTOCK_SENA/01. DOCUMENTACION/Diccionario de datos.tex:168: Undefined control sequence.
\__hook_toplevel selectfont ->{\bbl@mapselect 
                                              }
l.168 \end{tabularx}
                    
The control sequence at the end of the top line
of your error message was never \def'ed. If you have
misspelled it (e.g., `\hobx'), type `I' and the correct
spelling (e.g., `I\hbox'). Otherwise just continue,
and I'll forget about whatever was undefined.

/home/joab/DATASTOCK_SENA/01. DOCUMENTACION/Diccionario de datos.tex:168: Undefined control sequence.
\__hook_toplevel selectfont ->{\bbl@mapselect 
                                              }
l.168 \end{tabularx}
                    
The control sequence at the end of the top line
of your error message was never \def'ed. If you have
misspelled it (e.g., `\hobx'), type `I' and the correct
spelling (e.g., `I\hbox'). Otherwise just continue,
and I'll forget about whatever was undefined.

/home/joab/DATASTOCK_SENA/01. DOCUMENTACION/Diccionario de datos.tex:168: Undefined control sequence.
\__hook_toplevel selectfont ->{\bbl@mapselect 
                                              }
l.168 \end{tabularx}
                    
The control sequence at the end of the top line
of your error message was never \def'ed. If you have
misspelled it (e.g., `\hobx'), type `I' and the correct
spelling (e.g., `I\hbox'). Otherwise just continue,
and I'll forget about whatever was undefined.

/home/joab/DATASTOCK_SENA/01. DOCUMENTACION/Diccionario de datos.tex:168: Undefined control sequence.
\__hook_toplevel selectfont ->{\bbl@mapselect 
                                              }
l.168 \end{tabularx}
                    
The control sequence at the end of the top line
of your error message was never \def'ed. If you have
misspelled it (e.g., `\hobx'), type `I' and the correct
spelling (e.g., `I\hbox'). Otherwise just continue,
and I'll forget about whatever was undefined.

/home/joab/DATASTOCK_SENA/01. DOCUMENTACION/Diccionario de datos.tex:168: Undefined control sequence.
\__hook_toplevel selectfont ->{\bbl@mapselect 
                                              }
l.168 \end{tabularx}
                    
The control sequence at the end of the top line
of your error message was never \def'ed. If you have
misspelled it (e.g., `\hobx'), type `I' and the correct
spelling (e.g., `I\hbox'). Otherwise just continue,
and I'll forget about whatever was undefined.

/home/joab/DATASTOCK_SENA/01. DOCUMENTACION/Diccionario de datos.tex:168: Undefined control sequence.
\__hook_toplevel selectfont ->{\bbl@mapselect 
                                              }
l.168 \end{tabularx}
                    
The control sequence at the end of the top line
of your error message was never \def'ed. If you have
misspelled it (e.g., `\hobx'), type `I' and the correct
spelling (e.g., `I\hbox'). Otherwise just continue,
and I'll forget about whatever was undefined.

/home/joab/DATASTOCK_SENA/01. DOCUMENTACION/Diccionario de datos.tex:168: Undefined control sequence.
\__hook_toplevel selectfont ->{\bbl@mapselect 
                                              }
l.168 \end{tabularx}
                    
The control sequence at the end of the top line
of your error message was never \def'ed. If you have
misspelled it (e.g., `\hobx'), type `I' and the correct
spelling (e.g., `I\hbox'). Otherwise just continue,
and I'll forget about whatever was undefined.

/home/joab/DATASTOCK_SENA/01. DOCUMENTACION/Diccionario de datos.tex:168: Undefined control sequence.
\__hook_toplevel selectfont ->{\bbl@mapselect 
                                              }
l.168 \end{tabularx}
                    
The control sequence at the end of the top line
of your error message was never \def'ed. If you have
misspelled it (e.g., `\hobx'), type `I' and the correct
spelling (e.g., `I\hbox'). Otherwise just continue,
and I'll forget about whatever was undefined.

/home/joab/DATASTOCK_SENA/01. DOCUMENTACION/Diccionario de datos.tex:168: Undefined control sequence.
\__hook_toplevel selectfont ->{\bbl@mapselect 
                                              }
l.168 \end{tabularx}
                    
The control sequence at the end of the top line
of your error message was never \def'ed. If you have
misspelled it (e.g., `\hobx'), type `I' and the correct
spelling (e.g., `I\hbox'). Otherwise just continue,
and I'll forget about whatever was undefined.

/home/joab/DATASTOCK_SENA/01. DOCUMENTACION/Diccionario de datos.tex:168: Undefined control sequence.
\__hook_toplevel selectfont ->{\bbl@mapselect 
                                              }
l.168 \end{tabularx}
                    
The control sequence at the end of the top line
of your error message was never \def'ed. If you have
misspelled it (e.g., `\hobx'), type `I' and the correct
spelling (e.g., `I\hbox'). Otherwise just continue,
and I'll forget about whatever was undefined.

/home/joab/DATASTOCK_SENA/01. DOCUMENTACION/Diccionario de datos.tex:168: Undefined control sequence.
\__hook_toplevel selectfont ->{\bbl@mapselect 
                                              }
l.168 \end{tabularx}
                    
The control sequence at the end of the top line
of your error message was never \def'ed. If you have
misspelled it (e.g., `\hobx'), type `I' and the correct
spelling (e.g., `I\hbox'). Otherwise just continue,
and I'll forget about whatever was undefined.

/home/joab/DATASTOCK_SENA/01. DOCUMENTACION/Diccionario de datos.tex:168: Undefined control sequence.
\__hook_toplevel selectfont ->{\bbl@mapselect 
                                              }
l.168 \end{tabularx}
                    
The control sequence at the end of the top line
of your error message was never \def'ed. If you have
misspelled it (e.g., `\hobx'), type `I' and the correct
spelling (e.g., `I\hbox'). Otherwise just continue,
and I'll forget about whatever was undefined.

/home/joab/DATASTOCK_SENA/01. DOCUMENTACION/Diccionario de datos.tex:168: Undefined control sequence.
\__hook_toplevel selectfont ->{\bbl@mapselect 
                                              }
l.168 \end{tabularx}
                    
The control sequence at the end of the top line
of your error message was never \def'ed. If you have
misspelled it (e.g., `\hobx'), type `I' and the correct
spelling (e.g., `I\hbox'). Otherwise just continue,
and I'll forget about whatever was undefined.

/home/joab/DATASTOCK_SENA/01. DOCUMENTACION/Diccionario de datos.tex:168: Undefined control sequence.
\__hook_toplevel selectfont ->{\bbl@mapselect 
                                              }
l.168 \end{tabularx}
                    
The control sequence at the end of the top line
of your error message was never \def'ed. If you have
misspelled it (e.g., `\hobx'), type `I' and the correct
spelling (e.g., `I\hbox'). Otherwise just continue,
and I'll forget about whatever was undefined.

/home/joab/DATASTOCK_SENA/01. DOCUMENTACION/Diccionario de datos.tex:168: Undefined control sequence.
\__hook_toplevel selectfont ->{\bbl@mapselect 
                                              }
l.168 \end{tabularx}
                    
The control sequence at the end of the top line
of your error message was never \def'ed. If you have
misspelled it (e.g., `\hobx'), type `I' and the correct
spelling (e.g., `I\hbox'). Otherwise just continue,
and I'll forget about whatever was undefined.

/home/joab/DATASTOCK_SENA/01. DOCUMENTACION/Diccionario de datos.tex:168: Undefined control sequence.
\__hook_toplevel selectfont ->{\bbl@mapselect 
                                              }
l.168 \end{tabularx}
                    
The control sequence at the end of the top line
of your error message was never \def'ed. If you have
misspelled it (e.g., `\hobx'), type `I' and the correct
spelling (e.g., `I\hbox'). Otherwise just continue,
and I'll forget about whatever was undefined.

/home/joab/DATASTOCK_SENA/01. DOCUMENTACION/Diccionario de datos.tex:168: Undefined control sequence.
\__hook_toplevel selectfont ->{\bbl@mapselect 
                                              }
l.168 \end{tabularx}
                    
The control sequence at the end of the top line
of your error message was never \def'ed. If you have
misspelled it (e.g., `\hobx'), type `I' and the correct
spelling (e.g., `I\hbox'). Otherwise just continue,
and I'll forget about whatever was undefined.

/home/joab/DATASTOCK_SENA/01. DOCUMENTACION/Diccionario de datos.tex:168: Undefined control sequence.
\__hook_toplevel selectfont ->{\bbl@mapselect 
                                              }
l.168 \end{tabularx}
                    
The control sequence at the end of the top line
of your error message was never \def'ed. If you have
misspelled it (e.g., `\hobx'), type `I' and the correct
spelling (e.g., `I\hbox'). Otherwise just continue,
and I'll forget about whatever was undefined.

/home/joab/DATASTOCK_SENA/01. DOCUMENTACION/Diccionario de datos.tex:168: Undefined control sequence.
\__hook_toplevel selectfont ->{\bbl@mapselect 
                                              }
l.168 \end{tabularx}
                    
The control sequence at the end of the top line
of your error message was never \def'ed. If you have
misspelled it (e.g., `\hobx'), type `I' and the correct
spelling (e.g., `I\hbox'). Otherwise just continue,
and I'll forget about whatever was undefined.

/home/joab/DATASTOCK_SENA/01. DOCUMENTACION/Diccionario de datos.tex:168: Undefined control sequence.
\__hook_toplevel selectfont ->{\bbl@mapselect 
                                              }
l.168 \end{tabularx}
                    
The control sequence at the end of the top line
of your error message was never \def'ed. If you have
misspelled it (e.g., `\hobx'), type `I' and the correct
spelling (e.g., `I\hbox'). Otherwise just continue,
and I'll forget about whatever was undefined.

/home/joab/DATASTOCK_SENA/01. DOCUMENTACION/Diccionario de datos.tex:168: Undefined control sequence.
\__hook_toplevel selectfont ->{\bbl@mapselect 
                                              }
l.168 \end{tabularx}
                    
The control sequence at the end of the top line
of your error message was never \def'ed. If you have
misspelled it (e.g., `\hobx'), type `I' and the correct
spelling (e.g., `I\hbox'). Otherwise just continue,
and I'll forget about whatever was undefined.

/home/joab/DATASTOCK_SENA/01. DOCUMENTACION/Diccionario de datos.tex:168: Undefined control sequence.
\__hook_toplevel selectfont ->{\bbl@mapselect 
                                              }
l.168 \end{tabularx}
                    
The control sequence at the end of the top line
of your error message was never \def'ed. If you have
misspelled it (e.g., `\hobx'), type `I' and the correct
spelling (e.g., `I\hbox'). Otherwise just continue,
and I'll forget about whatever was undefined.

/home/joab/DATASTOCK_SENA/01. DOCUMENTACION/Diccionario de datos.tex:168: Undefined control sequence.
\__hook_toplevel selectfont ->{\bbl@mapselect 
                                              }
l.168 \end{tabularx}
                    
The control sequence at the end of the top line
of your error message was never \def'ed. If you have
misspelled it (e.g., `\hobx'), type `I' and the correct
spelling (e.g., `I\hbox'). Otherwise just continue,
and I'll forget about whatever was undefined.

/home/joab/DATASTOCK_SENA/01. DOCUMENTACION/Diccionario de datos.tex:168: Undefined control sequence.
\__hook_toplevel selectfont ->{\bbl@mapselect 
                                              }
l.168 \end{tabularx}
                    
The control sequence at the end of the top line
of your error message was never \def'ed. If you have
misspelled it (e.g., `\hobx'), type `I' and the correct
spelling (e.g., `I\hbox'). Otherwise just continue,
and I'll forget about whatever was undefined.

/home/joab/DATASTOCK_SENA/01. DOCUMENTACION/Diccionario de datos.tex:168: Undefined control sequence.
\__hook_toplevel selectfont ->{\bbl@mapselect 
                                              }
l.168 \end{tabularx}
                    
The control sequence at the end of the top line
of your error message was never \def'ed. If you have
misspelled it (e.g., `\hobx'), type `I' and the correct
spelling (e.g., `I\hbox'). Otherwise just continue,
and I'll forget about whatever was undefined.

/home/joab/DATASTOCK_SENA/01. DOCUMENTACION/Diccionario de datos.tex:168: Undefined control sequence.
\__hook_toplevel selectfont ->{\bbl@mapselect 
                                              }
l.168 \end{tabularx}
                    
The control sequence at the end of the top line
of your error message was never \def'ed. If you have
misspelled it (e.g., `\hobx'), type `I' and the correct
spelling (e.g., `I\hbox'). Otherwise just continue,
and I'll forget about whatever was undefined.

/home/joab/DATASTOCK_SENA/01. DOCUMENTACION/Diccionario de datos.tex:168: Undefined control sequence.
\__hook_toplevel selectfont ->{\bbl@mapselect 
                                              }
l.168 \end{tabularx}
                    
The control sequence at the end of the top line
of your error message was never \def'ed. If you have
misspelled it (e.g., `\hobx'), type `I' and the correct
spelling (e.g., `I\hbox'). Otherwise just continue,
and I'll forget about whatever was undefined.

/home/joab/DATASTOCK_SENA/01. DOCUMENTACION/Diccionario de datos.tex:168: Undefined control sequence.
\__hook_toplevel selectfont ->{\bbl@mapselect 
                                              }
l.168 \end{tabularx}
                    
The control sequence at the end of the top line
of your error message was never \def'ed. If you have
misspelled it (e.g., `\hobx'), type `I' and the correct
spelling (e.g., `I\hbox'). Otherwise just continue,
and I'll forget about whatever was undefined.

/home/joab/DATASTOCK_SENA/01. DOCUMENTACION/Diccionario de datos.tex:168: Undefined control sequence.
\__hook_toplevel selectfont ->{\bbl@mapselect 
                                              }
l.168 \end{tabularx}
                    
The control sequence at the end of the top line
of your error message was never \def'ed. If you have
misspelled it (e.g., `\hobx'), type `I' and the correct
spelling (e.g., `I\hbox'). Otherwise just continue,
and I'll forget about whatever was undefined.

/home/joab/DATASTOCK_SENA/01. DOCUMENTACION/Diccionario de datos.tex:173: Undefined control sequence.
\__hook_toplevel selectfont ->{\bbl@mapselect 
                                              }
l.173 \textbf{\Large Entidad: \texttt{sitio}}
                                              \\
The control sequence at the end of the top line
of your error message was never \def'ed. If you have
misspelled it (e.g., `\hobx'), type `I' and the correct
spelling (e.g., `I\hbox'). Otherwise just continue,
and I'll forget about whatever was undefined.

/home/joab/DATASTOCK_SENA/01. DOCUMENTACION/Diccionario de datos.tex:173: Undefined control sequence.
\__hook_toplevel selectfont ->{\bbl@mapselect 
                                              }
l.173 \textbf{\Large Entidad: \texttt{sitio}}
                                              \\
The control sequence at the end of the top line
of your error message was never \def'ed. If you have
misspelled it (e.g., `\hobx'), type `I' and the correct
spelling (e.g., `I\hbox'). Otherwise just continue,
and I'll forget about whatever was undefined.

/home/joab/DATASTOCK_SENA/01. DOCUMENTACION/Diccionario de datos.tex:173: Undefined control sequence.
\__hook_toplevel selectfont ->{\bbl@mapselect 
                                              }
l.173 \textbf{\Large Entidad: \texttt{sitio}}
                                              \\
The control sequence at the end of the top line
of your error message was never \def'ed. If you have
misspelled it (e.g., `\hobx'), type `I' and the correct
spelling (e.g., `I\hbox'). Otherwise just continue,
and I'll forget about whatever was undefined.

/home/joab/DATASTOCK_SENA/01. DOCUMENTACION/Diccionario de datos.tex:174: Undefined control sequence.
\__hook_toplevel selectfont ->{\bbl@mapselect 
                                              }
l.174 \textit{Descripción:}
                             Almacena los diferentes espacios físicos de al...
The control sequence at the end of the top line
of your error message was never \def'ed. If you have
misspelled it (e.g., `\hobx'), type `I' and the correct
spelling (e.g., `I\hbox'). Otherwise just continue,
and I'll forget about whatever was undefined.

/home/joab/DATASTOCK_SENA/01. DOCUMENTACION/Diccionario de datos.tex:185: Undefined control sequence.
\__hook_toplevel selectfont ->{\bbl@mapselect 
                                              }
l.185 \end{tabularx}
                    
The control sequence at the end of the top line
of your error message was never \def'ed. If you have
misspelled it (e.g., `\hobx'), type `I' and the correct
spelling (e.g., `I\hbox'). Otherwise just continue,
and I'll forget about whatever was undefined.

/home/joab/DATASTOCK_SENA/01. DOCUMENTACION/Diccionario de datos.tex:185: Undefined control sequence.
\__hook_toplevel selectfont ->{\bbl@mapselect 
                                              }
l.185 \end{tabularx}
                    
The control sequence at the end of the top line
of your error message was never \def'ed. If you have
misspelled it (e.g., `\hobx'), type `I' and the correct
spelling (e.g., `I\hbox'). Otherwise just continue,
and I'll forget about whatever was undefined.

/home/joab/DATASTOCK_SENA/01. DOCUMENTACION/Diccionario de datos.tex:185: Undefined control sequence.
\__hook_toplevel selectfont ->{\bbl@mapselect 
                                              }
l.185 \end{tabularx}
                    
The control sequence at the end of the top line
of your error message was never \def'ed. If you have
misspelled it (e.g., `\hobx'), type `I' and the correct
spelling (e.g., `I\hbox'). Otherwise just continue,
and I'll forget about whatever was undefined.

/home/joab/DATASTOCK_SENA/01. DOCUMENTACION/Diccionario de datos.tex:185: Undefined control sequence.
\__hook_toplevel selectfont ->{\bbl@mapselect 
                                              }
l.185 \end{tabularx}
                    
The control sequence at the end of the top line
of your error message was never \def'ed. If you have
misspelled it (e.g., `\hobx'), type `I' and the correct
spelling (e.g., `I\hbox'). Otherwise just continue,
and I'll forget about whatever was undefined.

/home/joab/DATASTOCK_SENA/01. DOCUMENTACION/Diccionario de datos.tex:185: Undefined control sequence.
\__hook_toplevel selectfont ->{\bbl@mapselect 
                                              }
l.185 \end{tabularx}
                    
The control sequence at the end of the top line
of your error message was never \def'ed. If you have
misspelled it (e.g., `\hobx'), type `I' and the correct
spelling (e.g., `I\hbox'). Otherwise just continue,
and I'll forget about whatever was undefined.

/home/joab/DATASTOCK_SENA/01. DOCUMENTACION/Diccionario de datos.tex:185: Undefined control sequence.
\__hook_toplevel selectfont ->{\bbl@mapselect 
                                              }
l.185 \end{tabularx}
                    
The control sequence at the end of the top line
of your error message was never \def'ed. If you have
misspelled it (e.g., `\hobx'), type `I' and the correct
spelling (e.g., `I\hbox'). Otherwise just continue,
and I'll forget about whatever was undefined.

/home/joab/DATASTOCK_SENA/01. DOCUMENTACION/Diccionario de datos.tex:185: Undefined control sequence.
\__hook_toplevel selectfont ->{\bbl@mapselect 
                                              }
l.185 \end{tabularx}
                    
The control sequence at the end of the top line
of your error message was never \def'ed. If you have
misspelled it (e.g., `\hobx'), type `I' and the correct
spelling (e.g., `I\hbox'). Otherwise just continue,
and I'll forget about whatever was undefined.

/home/joab/DATASTOCK_SENA/01. DOCUMENTACION/Diccionario de datos.tex:185: Undefined control sequence.
\__hook_toplevel selectfont ->{\bbl@mapselect 
                                              }
l.185 \end{tabularx}
                    
The control sequence at the end of the top line
of your error message was never \def'ed. If you have
misspelled it (e.g., `\hobx'), type `I' and the correct
spelling (e.g., `I\hbox'). Otherwise just continue,
and I'll forget about whatever was undefined.

/home/joab/DATASTOCK_SENA/01. DOCUMENTACION/Diccionario de datos.tex:185: Undefined control sequence.
\__hook_toplevel selectfont ->{\bbl@mapselect 
                                              }
l.185 \end{tabularx}
                    
The control sequence at the end of the top line
of your error message was never \def'ed. If you have
misspelled it (e.g., `\hobx'), type `I' and the correct
spelling (e.g., `I\hbox'). Otherwise just continue,
and I'll forget about whatever was undefined.

/home/joab/DATASTOCK_SENA/01. DOCUMENTACION/Diccionario de datos.tex:185: Undefined control sequence.
\__hook_toplevel selectfont ->{\bbl@mapselect 
                                              }
l.185 \end{tabularx}
                    
The control sequence at the end of the top line
of your error message was never \def'ed. If you have
misspelled it (e.g., `\hobx'), type `I' and the correct
spelling (e.g., `I\hbox'). Otherwise just continue,
and I'll forget about whatever was undefined.

/home/joab/DATASTOCK_SENA/01. DOCUMENTACION/Diccionario de datos.tex:185: Undefined control sequence.
\__hook_toplevel selectfont ->{\bbl@mapselect 
                                              }
l.185 \end{tabularx}
                    
The control sequence at the end of the top line
of your error message was never \def'ed. If you have
misspelled it (e.g., `\hobx'), type `I' and the correct
spelling (e.g., `I\hbox'). Otherwise just continue,
and I'll forget about whatever was undefined.

/home/joab/DATASTOCK_SENA/01. DOCUMENTACION/Diccionario de datos.tex:185: Undefined control sequence.
\__hook_toplevel selectfont ->{\bbl@mapselect 
                                              }
l.185 \end{tabularx}
                    
The control sequence at the end of the top line
of your error message was never \def'ed. If you have
misspelled it (e.g., `\hobx'), type `I' and the correct
spelling (e.g., `I\hbox'). Otherwise just continue,
and I'll forget about whatever was undefined.

/home/joab/DATASTOCK_SENA/01. DOCUMENTACION/Diccionario de datos.tex:185: Undefined control sequence.
\__hook_toplevel selectfont ->{\bbl@mapselect 
                                              }
l.185 \end{tabularx}
                    
The control sequence at the end of the top line
of your error message was never \def'ed. If you have
misspelled it (e.g., `\hobx'), type `I' and the correct
spelling (e.g., `I\hbox'). Otherwise just continue,
and I'll forget about whatever was undefined.

/home/joab/DATASTOCK_SENA/01. DOCUMENTACION/Diccionario de datos.tex:185: Undefined control sequence.
\__hook_toplevel selectfont ->{\bbl@mapselect 
                                              }
l.185 \end{tabularx}
                    
The control sequence at the end of the top line
of your error message was never \def'ed. If you have
misspelled it (e.g., `\hobx'), type `I' and the correct
spelling (e.g., `I\hbox'). Otherwise just continue,
and I'll forget about whatever was undefined.

/home/joab/DATASTOCK_SENA/01. DOCUMENTACION/Diccionario de datos.tex:185: Undefined control sequence.
\__hook_toplevel selectfont ->{\bbl@mapselect 
                                              }
l.185 \end{tabularx}
                    
The control sequence at the end of the top line
of your error message was never \def'ed. If you have
misspelled it (e.g., `\hobx'), type `I' and the correct
spelling (e.g., `I\hbox'). Otherwise just continue,
and I'll forget about whatever was undefined.

/home/joab/DATASTOCK_SENA/01. DOCUMENTACION/Diccionario de datos.tex:185: Undefined control sequence.
\__hook_toplevel selectfont ->{\bbl@mapselect 
                                              }
l.185 \end{tabularx}
                    
The control sequence at the end of the top line
of your error message was never \def'ed. If you have
misspelled it (e.g., `\hobx'), type `I' and the correct
spelling (e.g., `I\hbox'). Otherwise just continue,
and I'll forget about whatever was undefined.

/home/joab/DATASTOCK_SENA/01. DOCUMENTACION/Diccionario de datos.tex:185: Undefined control sequence.
\__hook_toplevel selectfont ->{\bbl@mapselect 
                                              }
l.185 \end{tabularx}
                    
The control sequence at the end of the top line
of your error message was never \def'ed. If you have
misspelled it (e.g., `\hobx'), type `I' and the correct
spelling (e.g., `I\hbox'). Otherwise just continue,
and I'll forget about whatever was undefined.

/home/joab/DATASTOCK_SENA/01. DOCUMENTACION/Diccionario de datos.tex:185: Undefined control sequence.
\__hook_toplevel selectfont ->{\bbl@mapselect 
                                              }
l.185 \end{tabularx}
                    
The control sequence at the end of the top line
of your error message was never \def'ed. If you have
misspelled it (e.g., `\hobx'), type `I' and the correct
spelling (e.g., `I\hbox'). Otherwise just continue,
and I'll forget about whatever was undefined.

/home/joab/DATASTOCK_SENA/01. DOCUMENTACION/Diccionario de datos.tex:185: Undefined control sequence.
\__hook_toplevel selectfont ->{\bbl@mapselect 
                                              }
l.185 \end{tabularx}
                    
The control sequence at the end of the top line
of your error message was never \def'ed. If you have
misspelled it (e.g., `\hobx'), type `I' and the correct
spelling (e.g., `I\hbox'). Otherwise just continue,
and I'll forget about whatever was undefined.

/home/joab/DATASTOCK_SENA/01. DOCUMENTACION/Diccionario de datos.tex:185: Undefined control sequence.
\__hook_toplevel selectfont ->{\bbl@mapselect 
                                              }
l.185 \end{tabularx}
                    
The control sequence at the end of the top line
of your error message was never \def'ed. If you have
misspelled it (e.g., `\hobx'), type `I' and the correct
spelling (e.g., `I\hbox'). Otherwise just continue,
and I'll forget about whatever was undefined.

/home/joab/DATASTOCK_SENA/01. DOCUMENTACION/Diccionario de datos.tex:185: Undefined control sequence.
\__hook_toplevel selectfont ->{\bbl@mapselect 
                                              }
l.185 \end{tabularx}
                    
The control sequence at the end of the top line
of your error message was never \def'ed. If you have
misspelled it (e.g., `\hobx'), type `I' and the correct
spelling (e.g., `I\hbox'). Otherwise just continue,
and I'll forget about whatever was undefined.

/home/joab/DATASTOCK_SENA/01. DOCUMENTACION/Diccionario de datos.tex:185: Undefined control sequence.
\__hook_toplevel selectfont ->{\bbl@mapselect 
                                              }
l.185 \end{tabularx}
                    
The control sequence at the end of the top line
of your error message was never \def'ed. If you have
misspelled it (e.g., `\hobx'), type `I' and the correct
spelling (e.g., `I\hbox'). Otherwise just continue,
and I'll forget about whatever was undefined.

/home/joab/DATASTOCK_SENA/01. DOCUMENTACION/Diccionario de datos.tex:185: Undefined control sequence.
\__hook_toplevel selectfont ->{\bbl@mapselect 
                                              }
l.185 \end{tabularx}
                    
The control sequence at the end of the top line
of your error message was never \def'ed. If you have
misspelled it (e.g., `\hobx'), type `I' and the correct
spelling (e.g., `I\hbox'). Otherwise just continue,
and I'll forget about whatever was undefined.

/home/joab/DATASTOCK_SENA/01. DOCUMENTACION/Diccionario de datos.tex:185: Undefined control sequence.
\__hook_toplevel selectfont ->{\bbl@mapselect 
                                              }
l.185 \end{tabularx}
                    
The control sequence at the end of the top line
of your error message was never \def'ed. If you have
misspelled it (e.g., `\hobx'), type `I' and the correct
spelling (e.g., `I\hbox'). Otherwise just continue,
and I'll forget about whatever was undefined.

/home/joab/DATASTOCK_SENA/01. DOCUMENTACION/Diccionario de datos.tex:185: Undefined control sequence.
\__hook_toplevel selectfont ->{\bbl@mapselect 
                                              }
l.185 \end{tabularx}
                    
The control sequence at the end of the top line
of your error message was never \def'ed. If you have
misspelled it (e.g., `\hobx'), type `I' and the correct
spelling (e.g., `I\hbox'). Otherwise just continue,
and I'll forget about whatever was undefined.

/home/joab/DATASTOCK_SENA/01. DOCUMENTACION/Diccionario de datos.tex:185: Undefined control sequence.
\__hook_toplevel selectfont ->{\bbl@mapselect 
                                              }
l.185 \end{tabularx}
                    
The control sequence at the end of the top line
of your error message was never \def'ed. If you have
misspelled it (e.g., `\hobx'), type `I' and the correct
spelling (e.g., `I\hbox'). Otherwise just continue,
and I'll forget about whatever was undefined.

/home/joab/DATASTOCK_SENA/01. DOCUMENTACION/Diccionario de datos.tex:185: Undefined control sequence.
\__hook_toplevel selectfont ->{\bbl@mapselect 
                                              }
l.185 \end{tabularx}
                    
The control sequence at the end of the top line
of your error message was never \def'ed. If you have
misspelled it (e.g., `\hobx'), type `I' and the correct
spelling (e.g., `I\hbox'). Otherwise just continue,
and I'll forget about whatever was undefined.

/home/joab/DATASTOCK_SENA/01. DOCUMENTACION/Diccionario de datos.tex:185: Undefined control sequence.
\__hook_toplevel selectfont ->{\bbl@mapselect 
                                              }
l.185 \end{tabularx}
                    
The control sequence at the end of the top line
of your error message was never \def'ed. If you have
misspelled it (e.g., `\hobx'), type `I' and the correct
spelling (e.g., `I\hbox'). Otherwise just continue,
and I'll forget about whatever was undefined.

/home/joab/DATASTOCK_SENA/01. DOCUMENTACION/Diccionario de datos.tex:185: Undefined control sequence.
\__hook_toplevel selectfont ->{\bbl@mapselect 
                                              }
l.185 \end{tabularx}
                    
The control sequence at the end of the top line
of your error message was never \def'ed. If you have
misspelled it (e.g., `\hobx'), type `I' and the correct
spelling (e.g., `I\hbox'). Otherwise just continue,
and I'll forget about whatever was undefined.

/home/joab/DATASTOCK_SENA/01. DOCUMENTACION/Diccionario de datos.tex:185: Undefined control sequence.
\__hook_toplevel selectfont ->{\bbl@mapselect 
                                              }
l.185 \end{tabularx}
                    
The control sequence at the end of the top line
of your error message was never \def'ed. If you have
misspelled it (e.g., `\hobx'), type `I' and the correct
spelling (e.g., `I\hbox'). Otherwise just continue,
and I'll forget about whatever was undefined.

/home/joab/DATASTOCK_SENA/01. DOCUMENTACION/Diccionario de datos.tex:185: Undefined control sequence.
\__hook_toplevel selectfont ->{\bbl@mapselect 
                                              }
l.185 \end{tabularx}
                    
The control sequence at the end of the top line
of your error message was never \def'ed. If you have
misspelled it (e.g., `\hobx'), type `I' and the correct
spelling (e.g., `I\hbox'). Otherwise just continue,
and I'll forget about whatever was undefined.

/home/joab/DATASTOCK_SENA/01. DOCUMENTACION/Diccionario de datos.tex:185: Undefined control sequence.
\__hook_toplevel selectfont ->{\bbl@mapselect 
                                              }
l.185 \end{tabularx}
                    
The control sequence at the end of the top line
of your error message was never \def'ed. If you have
misspelled it (e.g., `\hobx'), type `I' and the correct
spelling (e.g., `I\hbox'). Otherwise just continue,
and I'll forget about whatever was undefined.

/home/joab/DATASTOCK_SENA/01. DOCUMENTACION/Diccionario de datos.tex:185: Undefined control sequence.
\__hook_toplevel selectfont ->{\bbl@mapselect 
                                              }
l.185 \end{tabularx}
                    
The control sequence at the end of the top line
of your error message was never \def'ed. If you have
misspelled it (e.g., `\hobx'), type `I' and the correct
spelling (e.g., `I\hbox'). Otherwise just continue,
and I'll forget about whatever was undefined.

/home/joab/DATASTOCK_SENA/01. DOCUMENTACION/Diccionario de datos.tex:190: Undefined control sequence.
\__hook_toplevel selectfont ->{\bbl@mapselect 
                                              }
l.190 ...f{\Large Entidad: \texttt{lote\_entrada}}
                                                   \\
The control sequence at the end of the top line
of your error message was never \def'ed. If you have
misspelled it (e.g., `\hobx'), type `I' and the correct
spelling (e.g., `I\hbox'). Otherwise just continue,
and I'll forget about whatever was undefined.

/home/joab/DATASTOCK_SENA/01. DOCUMENTACION/Diccionario de datos.tex:190: Undefined control sequence.
\__hook_toplevel selectfont ->{\bbl@mapselect 
                                              }
l.190 ...f{\Large Entidad: \texttt{lote\_entrada}}
                                                   \\
The control sequence at the end of the top line
of your error message was never \def'ed. If you have
misspelled it (e.g., `\hobx'), type `I' and the correct
spelling (e.g., `I\hbox'). Otherwise just continue,
and I'll forget about whatever was undefined.

/home/joab/DATASTOCK_SENA/01. DOCUMENTACION/Diccionario de datos.tex:190: Undefined control sequence.
\__hook_toplevel selectfont ->{\bbl@mapselect 
                                              }
l.190 ...f{\Large Entidad: \texttt{lote\_entrada}}
                                                   \\
The control sequence at the end of the top line
of your error message was never \def'ed. If you have
misspelled it (e.g., `\hobx'), type `I' and the correct
spelling (e.g., `I\hbox'). Otherwise just continue,
and I'll forget about whatever was undefined.

/home/joab/DATASTOCK_SENA/01. DOCUMENTACION/Diccionario de datos.tex:191: Undefined control sequence.
\__hook_toplevel selectfont ->{\bbl@mapselect 
                                              }
l.191 \textit{Descripción:}
                             Registra la entrada de productos, su ubicación...
The control sequence at the end of the top line
of your error message was never \def'ed. If you have
misspelled it (e.g., `\hobx'), type `I' and the correct
spelling (e.g., `I\hbox'). Otherwise just continue,
and I'll forget about whatever was undefined.

/home/joab/DATASTOCK_SENA/01. DOCUMENTACION/Diccionario de datos.tex:205: Undefined control sequence.
\__hook_toplevel selectfont ->{\bbl@mapselect 
                                              }
l.205 \end{tabularx}
                    
The control sequence at the end of the top line
of your error message was never \def'ed. If you have
misspelled it (e.g., `\hobx'), type `I' and the correct
spelling (e.g., `I\hbox'). Otherwise just continue,
and I'll forget about whatever was undefined.

/home/joab/DATASTOCK_SENA/01. DOCUMENTACION/Diccionario de datos.tex:205: Undefined control sequence.
\__hook_toplevel selectfont ->{\bbl@mapselect 
                                              }
l.205 \end{tabularx}
                    
The control sequence at the end of the top line
of your error message was never \def'ed. If you have
misspelled it (e.g., `\hobx'), type `I' and the correct
spelling (e.g., `I\hbox'). Otherwise just continue,
and I'll forget about whatever was undefined.

/home/joab/DATASTOCK_SENA/01. DOCUMENTACION/Diccionario de datos.tex:205: Undefined control sequence.
\__hook_toplevel selectfont ->{\bbl@mapselect 
                                              }
l.205 \end{tabularx}
                    
The control sequence at the end of the top line
of your error message was never \def'ed. If you have
misspelled it (e.g., `\hobx'), type `I' and the correct
spelling (e.g., `I\hbox'). Otherwise just continue,
and I'll forget about whatever was undefined.

/home/joab/DATASTOCK_SENA/01. DOCUMENTACION/Diccionario de datos.tex:205: Undefined control sequence.
\__hook_toplevel selectfont ->{\bbl@mapselect 
                                              }
l.205 \end{tabularx}
                    
The control sequence at the end of the top line
of your error message was never \def'ed. If you have
misspelled it (e.g., `\hobx'), type `I' and the correct
spelling (e.g., `I\hbox'). Otherwise just continue,
and I'll forget about whatever was undefined.

/home/joab/DATASTOCK_SENA/01. DOCUMENTACION/Diccionario de datos.tex:205: Undefined control sequence.
\__hook_toplevel selectfont ->{\bbl@mapselect 
                                              }
l.205 \end{tabularx}
                    
The control sequence at the end of the top line
of your error message was never \def'ed. If you have
misspelled it (e.g., `\hobx'), type `I' and the correct
spelling (e.g., `I\hbox'). Otherwise just continue,
and I'll forget about whatever was undefined.

/home/joab/DATASTOCK_SENA/01. DOCUMENTACION/Diccionario de datos.tex:205: Undefined control sequence.
\__hook_toplevel selectfont ->{\bbl@mapselect 
                                              }
l.205 \end{tabularx}
                    
The control sequence at the end of the top line
of your error message was never \def'ed. If you have
misspelled it (e.g., `\hobx'), type `I' and the correct
spelling (e.g., `I\hbox'). Otherwise just continue,
and I'll forget about whatever was undefined.

/home/joab/DATASTOCK_SENA/01. DOCUMENTACION/Diccionario de datos.tex:205: Undefined control sequence.
\__hook_toplevel selectfont ->{\bbl@mapselect 
                                              }
l.205 \end{tabularx}
                    
The control sequence at the end of the top line
of your error message was never \def'ed. If you have
misspelled it (e.g., `\hobx'), type `I' and the correct
spelling (e.g., `I\hbox'). Otherwise just continue,
and I'll forget about whatever was undefined.

/home/joab/DATASTOCK_SENA/01. DOCUMENTACION/Diccionario de datos.tex:205: Undefined control sequence.
\__hook_toplevel selectfont ->{\bbl@mapselect 
                                              }
l.205 \end{tabularx}
                    
The control sequence at the end of the top line
of your error message was never \def'ed. If you have
misspelled it (e.g., `\hobx'), type `I' and the correct
spelling (e.g., `I\hbox'). Otherwise just continue,
and I'll forget about whatever was undefined.

/home/joab/DATASTOCK_SENA/01. DOCUMENTACION/Diccionario de datos.tex:205: Undefined control sequence.
\__hook_toplevel selectfont ->{\bbl@mapselect 
                                              }
l.205 \end{tabularx}
                    
The control sequence at the end of the top line
of your error message was never \def'ed. If you have
misspelled it (e.g., `\hobx'), type `I' and the correct
spelling (e.g., `I\hbox'). Otherwise just continue,
and I'll forget about whatever was undefined.

/home/joab/DATASTOCK_SENA/01. DOCUMENTACION/Diccionario de datos.tex:205: Undefined control sequence.
\__hook_toplevel selectfont ->{\bbl@mapselect 
                                              }
l.205 \end{tabularx}
                    
The control sequence at the end of the top line
of your error message was never \def'ed. If you have
misspelled it (e.g., `\hobx'), type `I' and the correct
spelling (e.g., `I\hbox'). Otherwise just continue,
and I'll forget about whatever was undefined.

/home/joab/DATASTOCK_SENA/01. DOCUMENTACION/Diccionario de datos.tex:205: Undefined control sequence.
\__hook_toplevel selectfont ->{\bbl@mapselect 
                                              }
l.205 \end{tabularx}
                    
The control sequence at the end of the top line
of your error message was never \def'ed. If you have
misspelled it (e.g., `\hobx'), type `I' and the correct
spelling (e.g., `I\hbox'). Otherwise just continue,
and I'll forget about whatever was undefined.

/home/joab/DATASTOCK_SENA/01. DOCUMENTACION/Diccionario de datos.tex:205: Undefined control sequence.
\__hook_toplevel selectfont ->{\bbl@mapselect 
                                              }
l.205 \end{tabularx}
                    
The control sequence at the end of the top line
of your error message was never \def'ed. If you have
misspelled it (e.g., `\hobx'), type `I' and the correct
spelling (e.g., `I\hbox'). Otherwise just continue,
and I'll forget about whatever was undefined.

/home/joab/DATASTOCK_SENA/01. DOCUMENTACION/Diccionario de datos.tex:205: Undefined control sequence.
\__hook_toplevel selectfont ->{\bbl@mapselect 
                                              }
l.205 \end{tabularx}
                    
The control sequence at the end of the top line
of your error message was never \def'ed. If you have
misspelled it (e.g., `\hobx'), type `I' and the correct
spelling (e.g., `I\hbox'). Otherwise just continue,
and I'll forget about whatever was undefined.

/home/joab/DATASTOCK_SENA/01. DOCUMENTACION/Diccionario de datos.tex:205: Undefined control sequence.
\__hook_toplevel selectfont ->{\bbl@mapselect 
                                              }
l.205 \end{tabularx}
                    
The control sequence at the end of the top line
of your error message was never \def'ed. If you have
misspelled it (e.g., `\hobx'), type `I' and the correct
spelling (e.g., `I\hbox'). Otherwise just continue,
and I'll forget about whatever was undefined.

/home/joab/DATASTOCK_SENA/01. DOCUMENTACION/Diccionario de datos.tex:205: Undefined control sequence.
\__hook_toplevel selectfont ->{\bbl@mapselect 
                                              }
l.205 \end{tabularx}
                    
The control sequence at the end of the top line
of your error message was never \def'ed. If you have
misspelled it (e.g., `\hobx'), type `I' and the correct
spelling (e.g., `I\hbox'). Otherwise just continue,
and I'll forget about whatever was undefined.

/home/joab/DATASTOCK_SENA/01. DOCUMENTACION/Diccionario de datos.tex:205: Undefined control sequence.
\__hook_toplevel selectfont ->{\bbl@mapselect 
                                              }
l.205 \end{tabularx}
                    
The control sequence at the end of the top line
of your error message was never \def'ed. If you have
misspelled it (e.g., `\hobx'), type `I' and the correct
spelling (e.g., `I\hbox'). Otherwise just continue,
and I'll forget about whatever was undefined.

/home/joab/DATASTOCK_SENA/01. DOCUMENTACION/Diccionario de datos.tex:205: Undefined control sequence.
\__hook_toplevel selectfont ->{\bbl@mapselect 
                                              }
l.205 \end{tabularx}
                    
The control sequence at the end of the top line
of your error message was never \def'ed. If you have
misspelled it (e.g., `\hobx'), type `I' and the correct
spelling (e.g., `I\hbox'). Otherwise just continue,
and I'll forget about whatever was undefined.

/home/joab/DATASTOCK_SENA/01. DOCUMENTACION/Diccionario de datos.tex:205: Undefined control sequence.
\__hook_toplevel selectfont ->{\bbl@mapselect 
                                              }
l.205 \end{tabularx}
                    
The control sequence at the end of the top line
of your error message was never \def'ed. If you have
misspelled it (e.g., `\hobx'), type `I' and the correct
spelling (e.g., `I\hbox'). Otherwise just continue,
and I'll forget about whatever was undefined.

/home/joab/DATASTOCK_SENA/01. DOCUMENTACION/Diccionario de datos.tex:205: Undefined control sequence.
\__hook_toplevel selectfont ->{\bbl@mapselect 
                                              }
l.205 \end{tabularx}
                    
The control sequence at the end of the top line
of your error message was never \def'ed. If you have
misspelled it (e.g., `\hobx'), type `I' and the correct
spelling (e.g., `I\hbox'). Otherwise just continue,
and I'll forget about whatever was undefined.

/home/joab/DATASTOCK_SENA/01. DOCUMENTACION/Diccionario de datos.tex:205: Undefined control sequence.
\__hook_toplevel selectfont ->{\bbl@mapselect 
                                              }
l.205 \end{tabularx}
                    
The control sequence at the end of the top line
of your error message was never \def'ed. If you have
misspelled it (e.g., `\hobx'), type `I' and the correct
spelling (e.g., `I\hbox'). Otherwise just continue,
and I'll forget about whatever was undefined.

/home/joab/DATASTOCK_SENA/01. DOCUMENTACION/Diccionario de datos.tex:205: Undefined control sequence.
\__hook_toplevel selectfont ->{\bbl@mapselect 
                                              }
l.205 \end{tabularx}
                    
The control sequence at the end of the top line
of your error message was never \def'ed. If you have
misspelled it (e.g., `\hobx'), type `I' and the correct
spelling (e.g., `I\hbox'). Otherwise just continue,
and I'll forget about whatever was undefined.

/home/joab/DATASTOCK_SENA/01. DOCUMENTACION/Diccionario de datos.tex:205: Undefined control sequence.
\__hook_toplevel selectfont ->{\bbl@mapselect 
                                              }
l.205 \end{tabularx}
                    
The control sequence at the end of the top line
of your error message was never \def'ed. If you have
misspelled it (e.g., `\hobx'), type `I' and the correct
spelling (e.g., `I\hbox'). Otherwise just continue,
and I'll forget about whatever was undefined.

/home/joab/DATASTOCK_SENA/01. DOCUMENTACION/Diccionario de datos.tex:205: Undefined control sequence.
\__hook_toplevel selectfont ->{\bbl@mapselect 
                                              }
l.205 \end{tabularx}
                    
The control sequence at the end of the top line
of your error message was never \def'ed. If you have
misspelled it (e.g., `\hobx'), type `I' and the correct
spelling (e.g., `I\hbox'). Otherwise just continue,
and I'll forget about whatever was undefined.

/home/joab/DATASTOCK_SENA/01. DOCUMENTACION/Diccionario de datos.tex:205: Undefined control sequence.
\__hook_toplevel selectfont ->{\bbl@mapselect 
                                              }
l.205 \end{tabularx}
                    
The control sequence at the end of the top line
of your error message was never \def'ed. If you have
misspelled it (e.g., `\hobx'), type `I' and the correct
spelling (e.g., `I\hbox'). Otherwise just continue,
and I'll forget about whatever was undefined.

/home/joab/DATASTOCK_SENA/01. DOCUMENTACION/Diccionario de datos.tex:205: Undefined control sequence.
\__hook_toplevel selectfont ->{\bbl@mapselect 
                                              }
l.205 \end{tabularx}
                    
The control sequence at the end of the top line
of your error message was never \def'ed. If you have
misspelled it (e.g., `\hobx'), type `I' and the correct
spelling (e.g., `I\hbox'). Otherwise just continue,
and I'll forget about whatever was undefined.

/home/joab/DATASTOCK_SENA/01. DOCUMENTACION/Diccionario de datos.tex:205: Undefined control sequence.
\__hook_toplevel selectfont ->{\bbl@mapselect 
                                              }
l.205 \end{tabularx}
                    
The control sequence at the end of the top line
of your error message was never \def'ed. If you have
misspelled it (e.g., `\hobx'), type `I' and the correct
spelling (e.g., `I\hbox'). Otherwise just continue,
and I'll forget about whatever was undefined.

/home/joab/DATASTOCK_SENA/01. DOCUMENTACION/Diccionario de datos.tex:205: Undefined control sequence.
\__hook_toplevel selectfont ->{\bbl@mapselect 
                                              }
l.205 \end{tabularx}
                    
The control sequence at the end of the top line
of your error message was never \def'ed. If you have
misspelled it (e.g., `\hobx'), type `I' and the correct
spelling (e.g., `I\hbox'). Otherwise just continue,
and I'll forget about whatever was undefined.

/home/joab/DATASTOCK_SENA/01. DOCUMENTACION/Diccionario de datos.tex:205: Undefined control sequence.
\__hook_toplevel selectfont ->{\bbl@mapselect 
                                              }
l.205 \end{tabularx}
                    
The control sequence at the end of the top line
of your error message was never \def'ed. If you have
misspelled it (e.g., `\hobx'), type `I' and the correct
spelling (e.g., `I\hbox'). Otherwise just continue,
and I'll forget about whatever was undefined.

/home/joab/DATASTOCK_SENA/01. DOCUMENTACION/Diccionario de datos.tex:205: Undefined control sequence.
\__hook_toplevel selectfont ->{\bbl@mapselect 
                                              }
l.205 \end{tabularx}
                    
The control sequence at the end of the top line
of your error message was never \def'ed. If you have
misspelled it (e.g., `\hobx'), type `I' and the correct
spelling (e.g., `I\hbox'). Otherwise just continue,
and I'll forget about whatever was undefined.

/home/joab/DATASTOCK_SENA/01. DOCUMENTACION/Diccionario de datos.tex:205: Undefined control sequence.
\__hook_toplevel selectfont ->{\bbl@mapselect 
                                              }
l.205 \end{tabularx}
                    
The control sequence at the end of the top line
of your error message was never \def'ed. If you have
misspelled it (e.g., `\hobx'), type `I' and the correct
spelling (e.g., `I\hbox'). Otherwise just continue,
and I'll forget about whatever was undefined.

/home/joab/DATASTOCK_SENA/01. DOCUMENTACION/Diccionario de datos.tex:205: Undefined control sequence.
\__hook_toplevel selectfont ->{\bbl@mapselect 
                                              }
l.205 \end{tabularx}
                    
The control sequence at the end of the top line
of your error message was never \def'ed. If you have
misspelled it (e.g., `\hobx'), type `I' and the correct
spelling (e.g., `I\hbox'). Otherwise just continue,
and I'll forget about whatever was undefined.

/home/joab/DATASTOCK_SENA/01. DOCUMENTACION/Diccionario de datos.tex:205: Undefined control sequence.
\__hook_toplevel selectfont ->{\bbl@mapselect 
                                              }
l.205 \end{tabularx}
                    
The control sequence at the end of the top line
of your error message was never \def'ed. If you have
misspelled it (e.g., `\hobx'), type `I' and the correct
spelling (e.g., `I\hbox'). Otherwise just continue,
and I'll forget about whatever was undefined.

/home/joab/DATASTOCK_SENA/01. DOCUMENTACION/Diccionario de datos.tex:205: Undefined control sequence.
\__hook_toplevel selectfont ->{\bbl@mapselect 
                                              }
l.205 \end{tabularx}
                    
The control sequence at the end of the top line
of your error message was never \def'ed. If you have
misspelled it (e.g., `\hobx'), type `I' and the correct
spelling (e.g., `I\hbox'). Otherwise just continue,
and I'll forget about whatever was undefined.

/home/joab/DATASTOCK_SENA/01. DOCUMENTACION/Diccionario de datos.tex:205: Undefined control sequence.
\__hook_toplevel selectfont ->{\bbl@mapselect 
                                              }
l.205 \end{tabularx}
                    
The control sequence at the end of the top line
of your error message was never \def'ed. If you have
misspelled it (e.g., `\hobx'), type `I' and the correct
spelling (e.g., `I\hbox'). Otherwise just continue,
and I'll forget about whatever was undefined.

/home/joab/DATASTOCK_SENA/01. DOCUMENTACION/Diccionario de datos.tex:205: Undefined control sequence.
\__hook_toplevel selectfont ->{\bbl@mapselect 
                                              }
l.205 \end{tabularx}
                    
The control sequence at the end of the top line
of your error message was never \def'ed. If you have
misspelled it (e.g., `\hobx'), type `I' and the correct
spelling (e.g., `I\hbox'). Otherwise just continue,
and I'll forget about whatever was undefined.

/home/joab/DATASTOCK_SENA/01. DOCUMENTACION/Diccionario de datos.tex:205: Undefined control sequence.
\__hook_toplevel selectfont ->{\bbl@mapselect 
                                              }
l.205 \end{tabularx}
                    
The control sequence at the end of the top line
of your error message was never \def'ed. If you have
misspelled it (e.g., `\hobx'), type `I' and the correct
spelling (e.g., `I\hbox'). Otherwise just continue,
and I'll forget about whatever was undefined.

/home/joab/DATASTOCK_SENA/01. DOCUMENTACION/Diccionario de datos.tex:205: Undefined control sequence.
\__hook_toplevel selectfont ->{\bbl@mapselect 
                                              }
l.205 \end{tabularx}
                    
The control sequence at the end of the top line
of your error message was never \def'ed. If you have
misspelled it (e.g., `\hobx'), type `I' and the correct
spelling (e.g., `I\hbox'). Otherwise just continue,
and I'll forget about whatever was undefined.

/home/joab/DATASTOCK_SENA/01. DOCUMENTACION/Diccionario de datos.tex:205: Undefined control sequence.
\__hook_toplevel selectfont ->{\bbl@mapselect 
                                              }
l.205 \end{tabularx}
                    
The control sequence at the end of the top line
of your error message was never \def'ed. If you have
misspelled it (e.g., `\hobx'), type `I' and the correct
spelling (e.g., `I\hbox'). Otherwise just continue,
and I'll forget about whatever was undefined.

/home/joab/DATASTOCK_SENA/01. DOCUMENTACION/Diccionario de datos.tex:205: Undefined control sequence.
\__hook_toplevel selectfont ->{\bbl@mapselect 
                                              }
l.205 \end{tabularx}
                    
The control sequence at the end of the top line
of your error message was never \def'ed. If you have
misspelled it (e.g., `\hobx'), type `I' and the correct
spelling (e.g., `I\hbox'). Otherwise just continue,
and I'll forget about whatever was undefined.

/home/joab/DATASTOCK_SENA/01. DOCUMENTACION/Diccionario de datos.tex:205: Undefined control sequence.
\__hook_toplevel selectfont ->{\bbl@mapselect 
                                              }
l.205 \end{tabularx}
                    
The control sequence at the end of the top line
of your error message was never \def'ed. If you have
misspelled it (e.g., `\hobx'), type `I' and the correct
spelling (e.g., `I\hbox'). Otherwise just continue,
and I'll forget about whatever was undefined.

/home/joab/DATASTOCK_SENA/01. DOCUMENTACION/Diccionario de datos.tex:205: Undefined control sequence.
\__hook_toplevel selectfont ->{\bbl@mapselect 
                                              }
l.205 \end{tabularx}
                    
The control sequence at the end of the top line
of your error message was never \def'ed. If you have
misspelled it (e.g., `\hobx'), type `I' and the correct
spelling (e.g., `I\hbox'). Otherwise just continue,
and I'll forget about whatever was undefined.

/home/joab/DATASTOCK_SENA/01. DOCUMENTACION/Diccionario de datos.tex:205: Undefined control sequence.
\__hook_toplevel selectfont ->{\bbl@mapselect 
                                              }
l.205 \end{tabularx}
                    
The control sequence at the end of the top line
of your error message was never \def'ed. If you have
misspelled it (e.g., `\hobx'), type `I' and the correct
spelling (e.g., `I\hbox'). Otherwise just continue,
and I'll forget about whatever was undefined.

/home/joab/DATASTOCK_SENA/01. DOCUMENTACION/Diccionario de datos.tex:210: Undefined control sequence.
\__hook_toplevel selectfont ->{\bbl@mapselect 
                                              }
l.210 ...rge Entidad: \texttt{inventario\_actual}}
                                                   \\
The control sequence at the end of the top line
of your error message was never \def'ed. If you have
misspelled it (e.g., `\hobx'), type `I' and the correct
spelling (e.g., `I\hbox'). Otherwise just continue,
and I'll forget about whatever was undefined.

/home/joab/DATASTOCK_SENA/01. DOCUMENTACION/Diccionario de datos.tex:210: Undefined control sequence.
\__hook_toplevel selectfont ->{\bbl@mapselect 
                                              }
l.210 ...rge Entidad: \texttt{inventario\_actual}}
                                                   \\
The control sequence at the end of the top line
of your error message was never \def'ed. If you have
misspelled it (e.g., `\hobx'), type `I' and the correct
spelling (e.g., `I\hbox'). Otherwise just continue,
and I'll forget about whatever was undefined.

/home/joab/DATASTOCK_SENA/01. DOCUMENTACION/Diccionario de datos.tex:210: Undefined control sequence.
\__hook_toplevel selectfont ->{\bbl@mapselect 
                                              }
l.210 ...rge Entidad: \texttt{inventario\_actual}}
                                                   \\
The control sequence at the end of the top line
of your error message was never \def'ed. If you have
misspelled it (e.g., `\hobx'), type `I' and the correct
spelling (e.g., `I\hbox'). Otherwise just continue,
and I'll forget about whatever was undefined.

/home/joab/DATASTOCK_SENA/01. DOCUMENTACION/Diccionario de datos.tex:211: Undefined control sequence.
\__hook_toplevel selectfont ->{\bbl@mapselect 
                                              }
l.211 \textit{Descripción:}
                             Tabla que mantiene un registro centralizado y a...
The control sequence at the end of the top line
of your error message was never \def'ed. If you have
misspelled it (e.g., `\hobx'), type `I' and the correct
spelling (e.g., `I\hbox'). Otherwise just continue,
and I'll forget about whatever was undefined.

/home/joab/DATASTOCK_SENA/01. DOCUMENTACION/Diccionario de datos.tex:221: Undefined control sequence.
\__hook_toplevel selectfont ->{\bbl@mapselect 
                                              }
l.221 \end{tabularx}
                    
The control sequence at the end of the top line
of your error message was never \def'ed. If you have
misspelled it (e.g., `\hobx'), type `I' and the correct
spelling (e.g., `I\hbox'). Otherwise just continue,
and I'll forget about whatever was undefined.

/home/joab/DATASTOCK_SENA/01. DOCUMENTACION/Diccionario de datos.tex:221: Undefined control sequence.
\__hook_toplevel selectfont ->{\bbl@mapselect 
                                              }
l.221 \end{tabularx}
                    
The control sequence at the end of the top line
of your error message was never \def'ed. If you have
misspelled it (e.g., `\hobx'), type `I' and the correct
spelling (e.g., `I\hbox'). Otherwise just continue,
and I'll forget about whatever was undefined.

/home/joab/DATASTOCK_SENA/01. DOCUMENTACION/Diccionario de datos.tex:221: Undefined control sequence.
\__hook_toplevel selectfont ->{\bbl@mapselect 
                                              }
l.221 \end{tabularx}
                    
The control sequence at the end of the top line
of your error message was never \def'ed. If you have
misspelled it (e.g., `\hobx'), type `I' and the correct
spelling (e.g., `I\hbox'). Otherwise just continue,
and I'll forget about whatever was undefined.

/home/joab/DATASTOCK_SENA/01. DOCUMENTACION/Diccionario de datos.tex:221: Undefined control sequence.
\__hook_toplevel selectfont ->{\bbl@mapselect 
                                              }
l.221 \end{tabularx}
                    
The control sequence at the end of the top line
of your error message was never \def'ed. If you have
misspelled it (e.g., `\hobx'), type `I' and the correct
spelling (e.g., `I\hbox'). Otherwise just continue,
and I'll forget about whatever was undefined.

/home/joab/DATASTOCK_SENA/01. DOCUMENTACION/Diccionario de datos.tex:221: Undefined control sequence.
\__hook_toplevel selectfont ->{\bbl@mapselect 
                                              }
l.221 \end{tabularx}
                    
The control sequence at the end of the top line
of your error message was never \def'ed. If you have
misspelled it (e.g., `\hobx'), type `I' and the correct
spelling (e.g., `I\hbox'). Otherwise just continue,
and I'll forget about whatever was undefined.

/home/joab/DATASTOCK_SENA/01. DOCUMENTACION/Diccionario de datos.tex:221: Undefined control sequence.
\__hook_toplevel selectfont ->{\bbl@mapselect 
                                              }
l.221 \end{tabularx}
                    
The control sequence at the end of the top line
of your error message was never \def'ed. If you have
misspelled it (e.g., `\hobx'), type `I' and the correct
spelling (e.g., `I\hbox'). Otherwise just continue,
and I'll forget about whatever was undefined.

/home/joab/DATASTOCK_SENA/01. DOCUMENTACION/Diccionario de datos.tex:221: Undefined control sequence.
\__hook_toplevel selectfont ->{\bbl@mapselect 
                                              }
l.221 \end{tabularx}
                    
The control sequence at the end of the top line
of your error message was never \def'ed. If you have
misspelled it (e.g., `\hobx'), type `I' and the correct
spelling (e.g., `I\hbox'). Otherwise just continue,
and I'll forget about whatever was undefined.

/home/joab/DATASTOCK_SENA/01. DOCUMENTACION/Diccionario de datos.tex:221: Undefined control sequence.
\__hook_toplevel selectfont ->{\bbl@mapselect 
                                              }
l.221 \end{tabularx}
                    
The control sequence at the end of the top line
of your error message was never \def'ed. If you have
misspelled it (e.g., `\hobx'), type `I' and the correct
spelling (e.g., `I\hbox'). Otherwise just continue,
and I'll forget about whatever was undefined.

/home/joab/DATASTOCK_SENA/01. DOCUMENTACION/Diccionario de datos.tex:221: Undefined control sequence.
\__hook_toplevel selectfont ->{\bbl@mapselect 
                                              }
l.221 \end{tabularx}
                    
The control sequence at the end of the top line
of your error message was never \def'ed. If you have
misspelled it (e.g., `\hobx'), type `I' and the correct
spelling (e.g., `I\hbox'). Otherwise just continue,
and I'll forget about whatever was undefined.

/home/joab/DATASTOCK_SENA/01. DOCUMENTACION/Diccionario de datos.tex:221: Undefined control sequence.
\__hook_toplevel selectfont ->{\bbl@mapselect 
                                              }
l.221 \end{tabularx}
                    
The control sequence at the end of the top line
of your error message was never \def'ed. If you have
misspelled it (e.g., `\hobx'), type `I' and the correct
spelling (e.g., `I\hbox'). Otherwise just continue,
and I'll forget about whatever was undefined.

/home/joab/DATASTOCK_SENA/01. DOCUMENTACION/Diccionario de datos.tex:221: Undefined control sequence.
\__hook_toplevel selectfont ->{\bbl@mapselect 
                                              }
l.221 \end{tabularx}
                    
The control sequence at the end of the top line
of your error message was never \def'ed. If you have
misspelled it (e.g., `\hobx'), type `I' and the correct
spelling (e.g., `I\hbox'). Otherwise just continue,
and I'll forget about whatever was undefined.

/home/joab/DATASTOCK_SENA/01. DOCUMENTACION/Diccionario de datos.tex:221: Undefined control sequence.
\__hook_toplevel selectfont ->{\bbl@mapselect 
                                              }
l.221 \end{tabularx}
                    
The control sequence at the end of the top line
of your error message was never \def'ed. If you have
misspelled it (e.g., `\hobx'), type `I' and the correct
spelling (e.g., `I\hbox'). Otherwise just continue,
and I'll forget about whatever was undefined.

/home/joab/DATASTOCK_SENA/01. DOCUMENTACION/Diccionario de datos.tex:221: Undefined control sequence.
\__hook_toplevel selectfont ->{\bbl@mapselect 
                                              }
l.221 \end{tabularx}
                    
The control sequence at the end of the top line
of your error message was never \def'ed. If you have
misspelled it (e.g., `\hobx'), type `I' and the correct
spelling (e.g., `I\hbox'). Otherwise just continue,
and I'll forget about whatever was undefined.

/home/joab/DATASTOCK_SENA/01. DOCUMENTACION/Diccionario de datos.tex:221: Undefined control sequence.
\__hook_toplevel selectfont ->{\bbl@mapselect 
                                              }
l.221 \end{tabularx}
                    
The control sequence at the end of the top line
of your error message was never \def'ed. If you have
misspelled it (e.g., `\hobx'), type `I' and the correct
spelling (e.g., `I\hbox'). Otherwise just continue,
and I'll forget about whatever was undefined.

/home/joab/DATASTOCK_SENA/01. DOCUMENTACION/Diccionario de datos.tex:221: Undefined control sequence.
\__hook_toplevel selectfont ->{\bbl@mapselect 
                                              }
l.221 \end{tabularx}
                    
The control sequence at the end of the top line
of your error message was never \def'ed. If you have
misspelled it (e.g., `\hobx'), type `I' and the correct
spelling (e.g., `I\hbox'). Otherwise just continue,
and I'll forget about whatever was undefined.

/home/joab/DATASTOCK_SENA/01. DOCUMENTACION/Diccionario de datos.tex:221: Undefined control sequence.
\__hook_toplevel selectfont ->{\bbl@mapselect 
                                              }
l.221 \end{tabularx}
                    
The control sequence at the end of the top line
of your error message was never \def'ed. If you have
misspelled it (e.g., `\hobx'), type `I' and the correct
spelling (e.g., `I\hbox'). Otherwise just continue,
and I'll forget about whatever was undefined.

/home/joab/DATASTOCK_SENA/01. DOCUMENTACION/Diccionario de datos.tex:221: Undefined control sequence.
\__hook_toplevel selectfont ->{\bbl@mapselect 
                                              }
l.221 \end{tabularx}
                    
The control sequence at the end of the top line
of your error message was never \def'ed. If you have
misspelled it (e.g., `\hobx'), type `I' and the correct
spelling (e.g., `I\hbox'). Otherwise just continue,
and I'll forget about whatever was undefined.

/home/joab/DATASTOCK_SENA/01. DOCUMENTACION/Diccionario de datos.tex:221: Undefined control sequence.
\__hook_toplevel selectfont ->{\bbl@mapselect 
                                              }
l.221 \end{tabularx}
                    
The control sequence at the end of the top line
of your error message was never \def'ed. If you have
misspelled it (e.g., `\hobx'), type `I' and the correct
spelling (e.g., `I\hbox'). Otherwise just continue,
and I'll forget about whatever was undefined.

/home/joab/DATASTOCK_SENA/01. DOCUMENTACION/Diccionario de datos.tex:221: Undefined control sequence.
\__hook_toplevel selectfont ->{\bbl@mapselect 
                                              }
l.221 \end{tabularx}
                    
The control sequence at the end of the top line
of your error message was never \def'ed. If you have
misspelled it (e.g., `\hobx'), type `I' and the correct
spelling (e.g., `I\hbox'). Otherwise just continue,
and I'll forget about whatever was undefined.

/home/joab/DATASTOCK_SENA/01. DOCUMENTACION/Diccionario de datos.tex:221: Undefined control sequence.
\__hook_toplevel selectfont ->{\bbl@mapselect 
                                              }
l.221 \end{tabularx}
                    
The control sequence at the end of the top line
of your error message was never \def'ed. If you have
misspelled it (e.g., `\hobx'), type `I' and the correct
spelling (e.g., `I\hbox'). Otherwise just continue,
and I'll forget about whatever was undefined.

/home/joab/DATASTOCK_SENA/01. DOCUMENTACION/Diccionario de datos.tex:221: Undefined control sequence.
\__hook_toplevel selectfont ->{\bbl@mapselect 
                                              }
l.221 \end{tabularx}
                    
The control sequence at the end of the top line
of your error message was never \def'ed. If you have
misspelled it (e.g., `\hobx'), type `I' and the correct
spelling (e.g., `I\hbox'). Otherwise just continue,
and I'll forget about whatever was undefined.

/home/joab/DATASTOCK_SENA/01. DOCUMENTACION/Diccionario de datos.tex:221: Undefined control sequence.
\__hook_toplevel selectfont ->{\bbl@mapselect 
                                              }
l.221 \end{tabularx}
                    
The control sequence at the end of the top line
of your error message was never \def'ed. If you have
misspelled it (e.g., `\hobx'), type `I' and the correct
spelling (e.g., `I\hbox'). Otherwise just continue,
and I'll forget about whatever was undefined.

/home/joab/DATASTOCK_SENA/01. DOCUMENTACION/Diccionario de datos.tex:221: Undefined control sequence.
\__hook_toplevel selectfont ->{\bbl@mapselect 
                                              }
l.221 \end{tabularx}
                    
The control sequence at the end of the top line
of your error message was never \def'ed. If you have
misspelled it (e.g., `\hobx'), type `I' and the correct
spelling (e.g., `I\hbox'). Otherwise just continue,
and I'll forget about whatever was undefined.

/home/joab/DATASTOCK_SENA/01. DOCUMENTACION/Diccionario de datos.tex:221: Undefined control sequence.
\__hook_toplevel selectfont ->{\bbl@mapselect 
                                              }
l.221 \end{tabularx}
                    
The control sequence at the end of the top line
of your error message was never \def'ed. If you have
misspelled it (e.g., `\hobx'), type `I' and the correct
spelling (e.g., `I\hbox'). Otherwise just continue,
and I'll forget about whatever was undefined.

/home/joab/DATASTOCK_SENA/01. DOCUMENTACION/Diccionario de datos.tex:221: Undefined control sequence.
\__hook_toplevel selectfont ->{\bbl@mapselect 
                                              }
l.221 \end{tabularx}
                    
The control sequence at the end of the top line
of your error message was never \def'ed. If you have
misspelled it (e.g., `\hobx'), type `I' and the correct
spelling (e.g., `I\hbox'). Otherwise just continue,
and I'll forget about whatever was undefined.

/home/joab/DATASTOCK_SENA/01. DOCUMENTACION/Diccionario de datos.tex:221: Undefined control sequence.
\__hook_toplevel selectfont ->{\bbl@mapselect 
                                              }
l.221 \end{tabularx}
                    
The control sequence at the end of the top line
of your error message was never \def'ed. If you have
misspelled it (e.g., `\hobx'), type `I' and the correct
spelling (e.g., `I\hbox'). Otherwise just continue,
and I'll forget about whatever was undefined.

/home/joab/DATASTOCK_SENA/01. DOCUMENTACION/Diccionario de datos.tex:221: Undefined control sequence.
\__hook_toplevel selectfont ->{\bbl@mapselect 
                                              }
l.221 \end{tabularx}
                    
The control sequence at the end of the top line
of your error message was never \def'ed. If you have
misspelled it (e.g., `\hobx'), type `I' and the correct
spelling (e.g., `I\hbox'). Otherwise just continue,
and I'll forget about whatever was undefined.

/home/joab/DATASTOCK_SENA/01. DOCUMENTACION/Diccionario de datos.tex:221: Undefined control sequence.
\__hook_toplevel selectfont ->{\bbl@mapselect 
                                              }
l.221 \end{tabularx}
                    
The control sequence at the end of the top line
of your error message was never \def'ed. If you have
misspelled it (e.g., `\hobx'), type `I' and the correct
spelling (e.g., `I\hbox'). Otherwise just continue,
and I'll forget about whatever was undefined.

/home/joab/DATASTOCK_SENA/01. DOCUMENTACION/Diccionario de datos.tex:221: Undefined control sequence.
\__hook_toplevel selectfont ->{\bbl@mapselect 
                                              }
l.221 \end{tabularx}
                    
The control sequence at the end of the top line
of your error message was never \def'ed. If you have
misspelled it (e.g., `\hobx'), type `I' and the correct
spelling (e.g., `I\hbox'). Otherwise just continue,
and I'll forget about whatever was undefined.

/home/joab/DATASTOCK_SENA/01. DOCUMENTACION/Diccionario de datos.tex:221: Undefined control sequence.
\__hook_toplevel selectfont ->{\bbl@mapselect 
                                              }
l.221 \end{tabularx}
                    
The control sequence at the end of the top line
of your error message was never \def'ed. If you have
misspelled it (e.g., `\hobx'), type `I' and the correct
spelling (e.g., `I\hbox'). Otherwise just continue,
and I'll forget about whatever was undefined.

/home/joab/DATASTOCK_SENA/01. DOCUMENTACION/Diccionario de datos.tex:224: Undefined control sequence.
\__hook_toplevel selectfont ->{\bbl@mapselect 
                                              }
l.224 
      
The control sequence at the end of the top line
of your error message was never \def'ed. If you have
misspelled it (e.g., `\hobx'), type `I' and the correct
spelling (e.g., `I\hbox'). Otherwise just continue,
and I'll forget about whatever was undefined.

/home/joab/DATASTOCK_SENA/01. DOCUMENTACION/Diccionario de datos.tex:224: Undefined control sequence.
\__hook_toplevel selectfont ->{\bbl@mapselect 
                                              }
l.224 
      
The control sequence at the end of the top line
of your error message was never \def'ed. If you have
misspelled it (e.g., `\hobx'), type `I' and the correct
spelling (e.g., `I\hbox'). Otherwise just continue,
and I'll forget about whatever was undefined.

/home/joab/DATASTOCK_SENA/01. DOCUMENTACION/Diccionario de datos.tex:224: Undefined control sequence.
\__hook_toplevel selectfont ->{\bbl@mapselect 
                                              }
l.224 
      
The control sequence at the end of the top line
of your error message was never \def'ed. If you have
misspelled it (e.g., `\hobx'), type `I' and the correct
spelling (e.g., `I\hbox'). Otherwise just continue,
and I'll forget about whatever was undefined.

[2]
/home/joab/DATASTOCK_SENA/01. DOCUMENTACION/Diccionario de datos.tex:226: Undefined control sequence.
\__hook_toplevel selectfont ->{\bbl@mapselect 
                                              }
l.226 ... Entidad: \texttt{historial\_movimiento}}
                                                   \\
The control sequence at the end of the top line
of your error message was never \def'ed. If you have
misspelled it (e.g., `\hobx'), type `I' and the correct
spelling (e.g., `I\hbox'). Otherwise just continue,
and I'll forget about whatever was undefined.

/home/joab/DATASTOCK_SENA/01. DOCUMENTACION/Diccionario de datos.tex:226: Undefined control sequence.
\__hook_toplevel selectfont ->{\bbl@mapselect 
                                              }
l.226 ... Entidad: \texttt{historial\_movimiento}}
                                                   \\
The control sequence at the end of the top line
of your error message was never \def'ed. If you have
misspelled it (e.g., `\hobx'), type `I' and the correct
spelling (e.g., `I\hbox'). Otherwise just continue,
and I'll forget about whatever was undefined.

/home/joab/DATASTOCK_SENA/01. DOCUMENTACION/Diccionario de datos.tex:226: Undefined control sequence.
\__hook_toplevel selectfont ->{\bbl@mapselect 
                                              }
l.226 ... Entidad: \texttt{historial\_movimiento}}
                                                   \\
The control sequence at the end of the top line
of your error message was never \def'ed. If you have
misspelled it (e.g., `\hobx'), type `I' and the correct
spelling (e.g., `I\hbox'). Otherwise just continue,
and I'll forget about whatever was undefined.

/home/joab/DATASTOCK_SENA/01. DOCUMENTACION/Diccionario de datos.tex:227: Undefined control sequence.
\__hook_toplevel selectfont ->{\bbl@mapselect 
                                              }
l.227 \textit{Descripción:}
                             Realiza la trazabilidad de todos los cambios de...
The control sequence at the end of the top line
of your error message was never \def'ed. If you have
misspelled it (e.g., `\hobx'), type `I' and the correct
spelling (e.g., `I\hbox'). Otherwise just continue,
and I'll forget about whatever was undefined.

/home/joab/DATASTOCK_SENA/01. DOCUMENTACION/Diccionario de datos.tex:242: Undefined control sequence.
\__hook_toplevel selectfont ->{\bbl@mapselect 
                                              }
l.242 \end{tabularx}
                    
The control sequence at the end of the top line
of your error message was never \def'ed. If you have
misspelled it (e.g., `\hobx'), type `I' and the correct
spelling (e.g., `I\hbox'). Otherwise just continue,
and I'll forget about whatever was undefined.

/home/joab/DATASTOCK_SENA/01. DOCUMENTACION/Diccionario de datos.tex:242: Undefined control sequence.
\__hook_toplevel selectfont ->{\bbl@mapselect 
                                              }
l.242 \end{tabularx}
                    
The control sequence at the end of the top line
of your error message was never \def'ed. If you have
misspelled it (e.g., `\hobx'), type `I' and the correct
spelling (e.g., `I\hbox'). Otherwise just continue,
and I'll forget about whatever was undefined.

/home/joab/DATASTOCK_SENA/01. DOCUMENTACION/Diccionario de datos.tex:242: Undefined control sequence.
\__hook_toplevel selectfont ->{\bbl@mapselect 
                                              }
l.242 \end{tabularx}
                    
The control sequence at the end of the top line
of your error message was never \def'ed. If you have
misspelled it (e.g., `\hobx'), type `I' and the correct
spelling (e.g., `I\hbox'). Otherwise just continue,
and I'll forget about whatever was undefined.

/home/joab/DATASTOCK_SENA/01. DOCUMENTACION/Diccionario de datos.tex:242: Undefined control sequence.
\__hook_toplevel selectfont ->{\bbl@mapselect 
                                              }
l.242 \end{tabularx}
                    
The control sequence at the end of the top line
of your error message was never \def'ed. If you have
misspelled it (e.g., `\hobx'), type `I' and the correct
spelling (e.g., `I\hbox'). Otherwise just continue,
and I'll forget about whatever was undefined.

/home/joab/DATASTOCK_SENA/01. DOCUMENTACION/Diccionario de datos.tex:242: Undefined control sequence.
\__hook_toplevel selectfont ->{\bbl@mapselect 
                                              }
l.242 \end{tabularx}
                    
The control sequence at the end of the top line
of your error message was never \def'ed. If you have
misspelled it (e.g., `\hobx'), type `I' and the correct
spelling (e.g., `I\hbox'). Otherwise just continue,
and I'll forget about whatever was undefined.

/home/joab/DATASTOCK_SENA/01. DOCUMENTACION/Diccionario de datos.tex:242: Undefined control sequence.
\__hook_toplevel selectfont ->{\bbl@mapselect 
                                              }
l.242 \end{tabularx}
                    
The control sequence at the end of the top line
of your error message was never \def'ed. If you have
misspelled it (e.g., `\hobx'), type `I' and the correct
spelling (e.g., `I\hbox'). Otherwise just continue,
and I'll forget about whatever was undefined.

/home/joab/DATASTOCK_SENA/01. DOCUMENTACION/Diccionario de datos.tex:242: Undefined control sequence.
\__hook_toplevel selectfont ->{\bbl@mapselect 
                                              }
l.242 \end{tabularx}
                    
The control sequence at the end of the top line
of your error message was never \def'ed. If you have
misspelled it (e.g., `\hobx'), type `I' and the correct
spelling (e.g., `I\hbox'). Otherwise just continue,
and I'll forget about whatever was undefined.

/home/joab/DATASTOCK_SENA/01. DOCUMENTACION/Diccionario de datos.tex:242: Undefined control sequence.
\__hook_toplevel selectfont ->{\bbl@mapselect 
                                              }
l.242 \end{tabularx}
                    
The control sequence at the end of the top line
of your error message was never \def'ed. If you have
misspelled it (e.g., `\hobx'), type `I' and the correct
spelling (e.g., `I\hbox'). Otherwise just continue,
and I'll forget about whatever was undefined.

/home/joab/DATASTOCK_SENA/01. DOCUMENTACION/Diccionario de datos.tex:242: Undefined control sequence.
\__hook_toplevel selectfont ->{\bbl@mapselect 
                                              }
l.242 \end{tabularx}
                    
The control sequence at the end of the top line
of your error message was never \def'ed. If you have
misspelled it (e.g., `\hobx'), type `I' and the correct
spelling (e.g., `I\hbox'). Otherwise just continue,
and I'll forget about whatever was undefined.

/home/joab/DATASTOCK_SENA/01. DOCUMENTACION/Diccionario de datos.tex:242: Undefined control sequence.
\__hook_toplevel selectfont ->{\bbl@mapselect 
                                              }
l.242 \end{tabularx}
                    
The control sequence at the end of the top line
of your error message was never \def'ed. If you have
misspelled it (e.g., `\hobx'), type `I' and the correct
spelling (e.g., `I\hbox'). Otherwise just continue,
and I'll forget about whatever was undefined.

/home/joab/DATASTOCK_SENA/01. DOCUMENTACION/Diccionario de datos.tex:242: Undefined control sequence.
\__hook_toplevel selectfont ->{\bbl@mapselect 
                                              }
l.242 \end{tabularx}
                    
The control sequence at the end of the top line
of your error message was never \def'ed. If you have
misspelled it (e.g., `\hobx'), type `I' and the correct
spelling (e.g., `I\hbox'). Otherwise just continue,
and I'll forget about whatever was undefined.

/home/joab/DATASTOCK_SENA/01. DOCUMENTACION/Diccionario de datos.tex:242: Undefined control sequence.
\__hook_toplevel selectfont ->{\bbl@mapselect 
                                              }
l.242 \end{tabularx}
                    
The control sequence at the end of the top line
of your error message was never \def'ed. If you have
misspelled it (e.g., `\hobx'), type `I' and the correct
spelling (e.g., `I\hbox'). Otherwise just continue,
and I'll forget about whatever was undefined.

/home/joab/DATASTOCK_SENA/01. DOCUMENTACION/Diccionario de datos.tex:242: Undefined control sequence.
\__hook_toplevel selectfont ->{\bbl@mapselect 
                                              }
l.242 \end{tabularx}
                    
The control sequence at the end of the top line
of your error message was never \def'ed. If you have
misspelled it (e.g., `\hobx'), type `I' and the correct
spelling (e.g., `I\hbox'). Otherwise just continue,
and I'll forget about whatever was undefined.

/home/joab/DATASTOCK_SENA/01. DOCUMENTACION/Diccionario de datos.tex:242: Undefined control sequence.
\__hook_toplevel selectfont ->{\bbl@mapselect 
                                              }
l.242 \end{tabularx}
                    
The control sequence at the end of the top line
of your error message was never \def'ed. If you have
misspelled it (e.g., `\hobx'), type `I' and the correct
spelling (e.g., `I\hbox'). Otherwise just continue,
and I'll forget about whatever was undefined.

/home/joab/DATASTOCK_SENA/01. DOCUMENTACION/Diccionario de datos.tex:242: Undefined control sequence.
\__hook_toplevel selectfont ->{\bbl@mapselect 
                                              }
l.242 \end{tabularx}
                    
The control sequence at the end of the top line
of your error message was never \def'ed. If you have
misspelled it (e.g., `\hobx'), type `I' and the correct
spelling (e.g., `I\hbox'). Otherwise just continue,
and I'll forget about whatever was undefined.

/home/joab/DATASTOCK_SENA/01. DOCUMENTACION/Diccionario de datos.tex:242: Undefined control sequence.
\__hook_toplevel selectfont ->{\bbl@mapselect 
                                              }
l.242 \end{tabularx}
                    
The control sequence at the end of the top line
of your error message was never \def'ed. If you have
misspelled it (e.g., `\hobx'), type `I' and the correct
spelling (e.g., `I\hbox'). Otherwise just continue,
and I'll forget about whatever was undefined.

/home/joab/DATASTOCK_SENA/01. DOCUMENTACION/Diccionario de datos.tex:242: Undefined control sequence.
\__hook_toplevel selectfont ->{\bbl@mapselect 
                                              }
l.242 \end{tabularx}
                    
The control sequence at the end of the top line
of your error message was never \def'ed. If you have
misspelled it (e.g., `\hobx'), type `I' and the correct
spelling (e.g., `I\hbox'). Otherwise just continue,
and I'll forget about whatever was undefined.

/home/joab/DATASTOCK_SENA/01. DOCUMENTACION/Diccionario de datos.tex:242: Undefined control sequence.
\__hook_toplevel selectfont ->{\bbl@mapselect 
                                              }
l.242 \end{tabularx}
                    
The control sequence at the end of the top line
of your error message was never \def'ed. If you have
misspelled it (e.g., `\hobx'), type `I' and the correct
spelling (e.g., `I\hbox'). Otherwise just continue,
and I'll forget about whatever was undefined.

/home/joab/DATASTOCK_SENA/01. DOCUMENTACION/Diccionario de datos.tex:242: Undefined control sequence.
\__hook_toplevel selectfont ->{\bbl@mapselect 
                                              }
l.242 \end{tabularx}
                    
The control sequence at the end of the top line
of your error message was never \def'ed. If you have
misspelled it (e.g., `\hobx'), type `I' and the correct
spelling (e.g., `I\hbox'). Otherwise just continue,
and I'll forget about whatever was undefined.

/home/joab/DATASTOCK_SENA/01. DOCUMENTACION/Diccionario de datos.tex:242: Undefined control sequence.
\__hook_toplevel selectfont ->{\bbl@mapselect 
                                              }
l.242 \end{tabularx}
                    
The control sequence at the end of the top line
of your error message was never \def'ed. If you have
misspelled it (e.g., `\hobx'), type `I' and the correct
spelling (e.g., `I\hbox'). Otherwise just continue,
and I'll forget about whatever was undefined.

/home/joab/DATASTOCK_SENA/01. DOCUMENTACION/Diccionario de datos.tex:242: Undefined control sequence.
\__hook_toplevel selectfont ->{\bbl@mapselect 
                                              }
l.242 \end{tabularx}
                    
The control sequence at the end of the top line
of your error message was never \def'ed. If you have
misspelled it (e.g., `\hobx'), type `I' and the correct
spelling (e.g., `I\hbox'). Otherwise just continue,
and I'll forget about whatever was undefined.

/home/joab/DATASTOCK_SENA/01. DOCUMENTACION/Diccionario de datos.tex:242: Undefined control sequence.
\__hook_toplevel selectfont ->{\bbl@mapselect 
                                              }
l.242 \end{tabularx}
                    
The control sequence at the end of the top line
of your error message was never \def'ed. If you have
misspelled it (e.g., `\hobx'), type `I' and the correct
spelling (e.g., `I\hbox'). Otherwise just continue,
and I'll forget about whatever was undefined.

/home/joab/DATASTOCK_SENA/01. DOCUMENTACION/Diccionario de datos.tex:242: Undefined control sequence.
\__hook_toplevel selectfont ->{\bbl@mapselect 
                                              }
l.242 \end{tabularx}
                    
The control sequence at the end of the top line
of your error message was never \def'ed. If you have
misspelled it (e.g., `\hobx'), type `I' and the correct
spelling (e.g., `I\hbox'). Otherwise just continue,
and I'll forget about whatever was undefined.

/home/joab/DATASTOCK_SENA/01. DOCUMENTACION/Diccionario de datos.tex:242: Undefined control sequence.
\__hook_toplevel selectfont ->{\bbl@mapselect 
                                              }
l.242 \end{tabularx}
                    
The control sequence at the end of the top line
of your error message was never \def'ed. If you have
misspelled it (e.g., `\hobx'), type `I' and the correct
spelling (e.g., `I\hbox'). Otherwise just continue,
and I'll forget about whatever was undefined.

/home/joab/DATASTOCK_SENA/01. DOCUMENTACION/Diccionario de datos.tex:242: Undefined control sequence.
\__hook_toplevel selectfont ->{\bbl@mapselect 
                                              }
l.242 \end{tabularx}
                    
The control sequence at the end of the top line
of your error message was never \def'ed. If you have
misspelled it (e.g., `\hobx'), type `I' and the correct
spelling (e.g., `I\hbox'). Otherwise just continue,
and I'll forget about whatever was undefined.

/home/joab/DATASTOCK_SENA/01. DOCUMENTACION/Diccionario de datos.tex:242: Undefined control sequence.
\__hook_toplevel selectfont ->{\bbl@mapselect 
                                              }
l.242 \end{tabularx}
                    
The control sequence at the end of the top line
of your error message was never \def'ed. If you have
misspelled it (e.g., `\hobx'), type `I' and the correct
spelling (e.g., `I\hbox'). Otherwise just continue,
and I'll forget about whatever was undefined.

/home/joab/DATASTOCK_SENA/01. DOCUMENTACION/Diccionario de datos.tex:242: Undefined control sequence.
\__hook_toplevel selectfont ->{\bbl@mapselect 
                                              }
l.242 \end{tabularx}
                    
The control sequence at the end of the top line
of your error message was never \def'ed. If you have
misspelled it (e.g., `\hobx'), type `I' and the correct
spelling (e.g., `I\hbox'). Otherwise just continue,
and I'll forget about whatever was undefined.

/home/joab/DATASTOCK_SENA/01. DOCUMENTACION/Diccionario de datos.tex:242: Undefined control sequence.
\__hook_toplevel selectfont ->{\bbl@mapselect 
                                              }
l.242 \end{tabularx}
                    
The control sequence at the end of the top line
of your error message was never \def'ed. If you have
misspelled it (e.g., `\hobx'), type `I' and the correct
spelling (e.g., `I\hbox'). Otherwise just continue,
and I'll forget about whatever was undefined.

/home/joab/DATASTOCK_SENA/01. DOCUMENTACION/Diccionario de datos.tex:242: Undefined control sequence.
\__hook_toplevel selectfont ->{\bbl@mapselect 
                                              }
l.242 \end{tabularx}
                    
The control sequence at the end of the top line
of your error message was never \def'ed. If you have
misspelled it (e.g., `\hobx'), type `I' and the correct
spelling (e.g., `I\hbox'). Otherwise just continue,
and I'll forget about whatever was undefined.

/home/joab/DATASTOCK_SENA/01. DOCUMENTACION/Diccionario de datos.tex:242: Undefined control sequence.
\__hook_toplevel selectfont ->{\bbl@mapselect 
                                              }
l.242 \end{tabularx}
                    
The control sequence at the end of the top line
of your error message was never \def'ed. If you have
misspelled it (e.g., `\hobx'), type `I' and the correct
spelling (e.g., `I\hbox'). Otherwise just continue,
and I'll forget about whatever was undefined.

/home/joab/DATASTOCK_SENA/01. DOCUMENTACION/Diccionario de datos.tex:242: Undefined control sequence.
\__hook_toplevel selectfont ->{\bbl@mapselect 
                                              }
l.242 \end{tabularx}
                    
The control sequence at the end of the top line
of your error message was never \def'ed. If you have
misspelled it (e.g., `\hobx'), type `I' and the correct
spelling (e.g., `I\hbox'). Otherwise just continue,
and I'll forget about whatever was undefined.

/home/joab/DATASTOCK_SENA/01. DOCUMENTACION/Diccionario de datos.tex:242: Undefined control sequence.
\__hook_toplevel selectfont ->{\bbl@mapselect 
                                              }
l.242 \end{tabularx}
                    
The control sequence at the end of the top line
of your error message was never \def'ed. If you have
misspelled it (e.g., `\hobx'), type `I' and the correct
spelling (e.g., `I\hbox'). Otherwise just continue,
and I'll forget about whatever was undefined.

/home/joab/DATASTOCK_SENA/01. DOCUMENTACION/Diccionario de datos.tex:242: Undefined control sequence.
\__hook_toplevel selectfont ->{\bbl@mapselect 
                                              }
l.242 \end{tabularx}
                    
The control sequence at the end of the top line
of your error message was never \def'ed. If you have
misspelled it (e.g., `\hobx'), type `I' and the correct
spelling (e.g., `I\hbox'). Otherwise just continue,
and I'll forget about whatever was undefined.

/home/joab/DATASTOCK_SENA/01. DOCUMENTACION/Diccionario de datos.tex:242: Undefined control sequence.
\__hook_toplevel selectfont ->{\bbl@mapselect 
                                              }
l.242 \end{tabularx}
                    
The control sequence at the end of the top line
of your error message was never \def'ed. If you have
misspelled it (e.g., `\hobx'), type `I' and the correct
spelling (e.g., `I\hbox'). Otherwise just continue,
and I'll forget about whatever was undefined.

/home/joab/DATASTOCK_SENA/01. DOCUMENTACION/Diccionario de datos.tex:242: Undefined control sequence.
\__hook_toplevel selectfont ->{\bbl@mapselect 
                                              }
l.242 \end{tabularx}
                    
The control sequence at the end of the top line
of your error message was never \def'ed. If you have
misspelled it (e.g., `\hobx'), type `I' and the correct
spelling (e.g., `I\hbox'). Otherwise just continue,
and I'll forget about whatever was undefined.

/home/joab/DATASTOCK_SENA/01. DOCUMENTACION/Diccionario de datos.tex:242: Undefined control sequence.
\__hook_toplevel selectfont ->{\bbl@mapselect 
                                              }
l.242 \end{tabularx}
                    
The control sequence at the end of the top line
of your error message was never \def'ed. If you have
misspelled it (e.g., `\hobx'), type `I' and the correct
spelling (e.g., `I\hbox'). Otherwise just continue,
and I'll forget about whatever was undefined.

/home/joab/DATASTOCK_SENA/01. DOCUMENTACION/Diccionario de datos.tex:242: Undefined control sequence.
\__hook_toplevel selectfont ->{\bbl@mapselect 
                                              }
l.242 \end{tabularx}
                    
The control sequence at the end of the top line
of your error message was never \def'ed. If you have
misspelled it (e.g., `\hobx'), type `I' and the correct
spelling (e.g., `I\hbox'). Otherwise just continue,
and I'll forget about whatever was undefined.

/home/joab/DATASTOCK_SENA/01. DOCUMENTACION/Diccionario de datos.tex:242: Undefined control sequence.
\__hook_toplevel selectfont ->{\bbl@mapselect 
                                              }
l.242 \end{tabularx}
                    
The control sequence at the end of the top line
of your error message was never \def'ed. If you have
misspelled it (e.g., `\hobx'), type `I' and the correct
spelling (e.g., `I\hbox'). Otherwise just continue,
and I'll forget about whatever was undefined.

/home/joab/DATASTOCK_SENA/01. DOCUMENTACION/Diccionario de datos.tex:242: Undefined control sequence.
\__hook_toplevel selectfont ->{\bbl@mapselect 
                                              }
l.242 \end{tabularx}
                    
The control sequence at the end of the top line
of your error message was never \def'ed. If you have
misspelled it (e.g., `\hobx'), type `I' and the correct
spelling (e.g., `I\hbox'). Otherwise just continue,
and I'll forget about whatever was undefined.

/home/joab/DATASTOCK_SENA/01. DOCUMENTACION/Diccionario de datos.tex:242: Undefined control sequence.
\__hook_toplevel selectfont ->{\bbl@mapselect 
                                              }
l.242 \end{tabularx}
                    
The control sequence at the end of the top line
of your error message was never \def'ed. If you have
misspelled it (e.g., `\hobx'), type `I' and the correct
spelling (e.g., `I\hbox'). Otherwise just continue,
and I'll forget about whatever was undefined.

/home/joab/DATASTOCK_SENA/01. DOCUMENTACION/Diccionario de datos.tex:242: Undefined control sequence.
\__hook_toplevel selectfont ->{\bbl@mapselect 
                                              }
l.242 \end{tabularx}
                    
The control sequence at the end of the top line
of your error message was never \def'ed. If you have
misspelled it (e.g., `\hobx'), type `I' and the correct
spelling (e.g., `I\hbox'). Otherwise just continue,
and I'll forget about whatever was undefined.

/home/joab/DATASTOCK_SENA/01. DOCUMENTACION/Diccionario de datos.tex:242: Undefined control sequence.
\__hook_toplevel selectfont ->{\bbl@mapselect 
                                              }
l.242 \end{tabularx}
                    
The control sequence at the end of the top line
of your error message was never \def'ed. If you have
misspelled it (e.g., `\hobx'), type `I' and the correct
spelling (e.g., `I\hbox'). Otherwise just continue,
and I'll forget about whatever was undefined.

/home/joab/DATASTOCK_SENA/01. DOCUMENTACION/Diccionario de datos.tex:242: Undefined control sequence.
\__hook_toplevel selectfont ->{\bbl@mapselect 
                                              }
l.242 \end{tabularx}
                    
The control sequence at the end of the top line
of your error message was never \def'ed. If you have
misspelled it (e.g., `\hobx'), type `I' and the correct
spelling (e.g., `I\hbox'). Otherwise just continue,
and I'll forget about whatever was undefined.

/home/joab/DATASTOCK_SENA/01. DOCUMENTACION/Diccionario de datos.tex:242: Undefined control sequence.
\__hook_toplevel selectfont ->{\bbl@mapselect 
                                              }
l.242 \end{tabularx}
                    
The control sequence at the end of the top line
of your error message was never \def'ed. If you have
misspelled it (e.g., `\hobx'), type `I' and the correct
spelling (e.g., `I\hbox'). Otherwise just continue,
and I'll forget about whatever was undefined.

/home/joab/DATASTOCK_SENA/01. DOCUMENTACION/Diccionario de datos.tex:242: Undefined control sequence.
\__hook_toplevel selectfont ->{\bbl@mapselect 
                                              }
l.242 \end{tabularx}
                    
The control sequence at the end of the top line
of your error message was never \def'ed. If you have
misspelled it (e.g., `\hobx'), type `I' and the correct
spelling (e.g., `I\hbox'). Otherwise just continue,
and I'll forget about whatever was undefined.

/home/joab/DATASTOCK_SENA/01. DOCUMENTACION/Diccionario de datos.tex:245: Undefined control sequence.
\__hook_toplevel selectfont ->{\bbl@mapselect 
                                              }
l.245 \end{document}
                    
The control sequence at the end of the top line
of your error message was never \def'ed. If you have
misspelled it (e.g., `\hobx'), type `I' and the correct
spelling (e.g., `I\hbox'). Otherwise just continue,
and I'll forget about whatever was undefined.

/home/joab/DATASTOCK_SENA/01. DOCUMENTACION/Diccionario de datos.tex:245: Undefined control sequence.
\__hook_toplevel selectfont ->{\bbl@mapselect 
                                              }
l.245 \end{document}
                    
The control sequence at the end of the top line
of your error message was never \def'ed. If you have
misspelled it (e.g., `\hobx'), type `I' and the correct
spelling (e.g., `I\hbox'). Otherwise just continue,
and I'll forget about whatever was undefined.

/home/joab/DATASTOCK_SENA/01. DOCUMENTACION/Diccionario de datos.tex:245: Undefined control sequence.
\__hook_toplevel selectfont ->{\bbl@mapselect 
                                              }
l.245 \end{document}
                    
The control sequence at the end of the top line
of your error message was never \def'ed. If you have
misspelled it (e.g., `\hobx'), type `I' and the correct
spelling (e.g., `I\hbox'). Otherwise just continue,
and I'll forget about whatever was undefined.

[3] (./Diccionario de datos.aux
LaTeX Info: Redefining \. on input line 8.
LaTeX Info: Redefining \% on input line 8.
)
 ***********
LaTeX2e <2023-11-01> patch level 1
L3 programming layer <2024-01-22>
 ***********


LaTeX Font Warning: Some font shapes were not available, defaults substituted.

 )
(\end occurred inside a group at level 1)

### simple group (level 1) entered at line 11 ({)
### bottom level 
Here is how much of TeX's memory you used:
 3236 strings out of 474222
 55883 string characters out of 5748733
 1946975 words of memory out of 5000000
 25501 multiletter control sequences out of 15000+600000
 564217 words of font info for 57 fonts, out of 8000000 for 9000
 1141 hyphenation exceptions out of 8191
 57i,11n,65p,261b,1571s stack positions out of 10000i,1000n,20000p,200000b,200000s
</usr/share/texlive/texmf-dist/fonts/type1/public/amsfonts/cm/cmbx10.pfb></usr/share/texlive/texmf-dist/fonts/type1/public/amsfonts/cm/cmbx12.pfb></usr/share/texlive/texmf-dist/fonts/type1/public/amsfonts/cm/cmmi10.pfb></usr/share/texlive/texmf-dist/fonts/type1/public/amsfonts/cm/cmmi8.pfb></usr/share/texlive/texmf-dist/fonts/type1/public/amsfonts/cm/cmr10.pfb></usr/share/texlive/texmf-dist/fonts/type1/public/amsfonts/cm/cmr12.pfb></usr/share/texlive/texmf-dist/fonts/type1/public/amsfonts/cm/cmsy8.pfb></usr/share/texlive/texmf-dist/fonts/type1/public/amsfonts/cm/cmti10.pfb></usr/share/texlive/texmf-dist/fonts/type1/public/amsfonts/cm/cmtt10.pfb></usr/share/texlive/texmf-dist/fonts/type1/public/amsfonts/cm/cmtt12.pfb>
Output written on "Diccionario de datos.pdf" (5 pages, 129081 bytes).
PDF statistics:
 70 PDF objects out of 1000 (max. 8388607)
 42 compressed objects within 1 object stream
 0 named destinations out of 1000 (max. 500000)
 1 words of extra memory for PDF output out of 10000 (max. 10000000)

